family,signal,r,c_val,sigma2,globalTest,test,Swap,alpha,beta,quantile,Corr,Eigen,p,nsim,seed
poisson,NA,4,NA,1,FALSE,LRT,TRUE,0.810930216216329,0.693147180559945,0.25,1,1,5,20,10001
poisson,NA,4,NA,1,FALSE,LRT,TRUE,0.810930216216329,0.693147180559945,0.25,1,1,10,10,10002
poisson,NA,4,NA,1,FALSE,LRT,TRUE,0.810930216216329,0.693147180559945,0.25,1,1,10,10,10003
poisson,NA,4,NA,1,FALSE,LRT,TRUE,0.810930216216329,0.693147180559945,0.25,1,1,20,5,10004
poisson,NA,4,NA,1,FALSE,LRT,TRUE,0.810930216216329,0.693147180559945,0.25,1,1,20,5,10005
poisson,NA,4,NA,1,FALSE,LRT,TRUE,0.810930216216329,0.693147180559945,0.25,1,1,20,5,10006
poisson,NA,4,NA,1,FALSE,LRT,TRUE,0.810930216216329,0.693147180559945,0.25,1,1,20,5,10007
poisson,NA,4,NA,1,FALSE,LRT,TRUE,0.810930216216329,0.693147180559945,0.25,1,1,40,2,10008
poisson,NA,4,NA,1,FALSE,LRT,TRUE,0.810930216216329,0.693147180559945,0.25,1,1,40,2,10009
poisson,NA,4,NA,1,FALSE,LRT,TRUE,0.810930216216329,0.693147180559945,0.25,1,1,40,2,10010
poisson,NA,4,NA,1,FALSE,LRT,TRUE,0.810930216216329,0.693147180559945,0.25,1,1,40,2,10011
poisson,NA,4,NA,1,FALSE,LRT,TRUE,0.810930216216329,0.693147180559945,0.25,1,1,40,2,10012
poisson,NA,4,NA,1,FALSE,LRT,TRUE,0.810930216216329,0.693147180559945,0.25,1,1,40,2,10013
poisson,NA,4,NA,1,FALSE,LRT,TRUE,0.810930216216329,0.693147180559945,0.25,1,1,40,2,10014
poisson,NA,4,NA,1,FALSE,LRT,TRUE,0.810930216216329,0.693147180559945,0.25,1,1,40,2,10015
poisson,NA,4,NA,1,FALSE,LRT,TRUE,0.810930216216329,0.693147180559945,0.25,1,1,40,2,10016
poisson,NA,4,NA,1,FALSE,LRT,TRUE,0.810930216216329,0.693147180559945,0.25,1,1,40,2,10017
poisson,NA,4,NA,1,FALSE,LRT,TRUE,0.810930216216329,0.693147180559945,0.25,1,1,80,1,10018
poisson,NA,4,NA,1,FALSE,LRT,TRUE,0.810930216216329,0.693147180559945,0.25,1,1,80,1,10019
poisson,NA,4,NA,1,FALSE,LRT,TRUE,0.810930216216329,0.693147180559945,0.25,1,1,80,1,10020
poisson,NA,4,NA,1,FALSE,LRT,TRUE,0.810930216216329,0.693147180559945,0.25,1,1,80,1,10021
poisson,NA,4,NA,1,FALSE,LRT,TRUE,0.810930216216329,0.693147180559945,0.25,1,1,80,1,10022
poisson,NA,4,NA,1,FALSE,LRT,TRUE,0.810930216216329,0.693147180559945,0.25,1,1,80,1,10023
poisson,NA,4,NA,1,FALSE,LRT,TRUE,0.810930216216329,0.693147180559945,0.25,1,1,80,1,10024
poisson,NA,4,NA,1,FALSE,LRT,TRUE,0.810930216216329,0.693147180559945,0.25,1,1,80,1,10025
poisson,NA,4,NA,1,FALSE,LRT,TRUE,0.810930216216329,0.693147180559945,0.25,1,1,80,1,10026
poisson,NA,4,NA,1,FALSE,LRT,TRUE,0.810930216216329,0.693147180559945,0.25,1,1,80,1,10027
poisson,NA,4,NA,1,FALSE,LRT,TRUE,0.810930216216329,0.693147180559945,0.25,1,1,80,1,10028
poisson,NA,4,NA,1,FALSE,LRT,TRUE,0.810930216216329,0.693147180559945,0.25,1,1,80,1,10029
poisson,NA,4,NA,1,FALSE,LRT,TRUE,0.810930216216329,0.693147180559945,0.25,1,1,80,1,10030
poisson,NA,4,NA,1,FALSE,LRT,TRUE,0.810930216216329,0.693147180559945,0.25,1,1,80,1,10031
poisson,NA,4,NA,1,FALSE,LRT,TRUE,0.810930216216329,0.693147180559945,0.25,1,1,80,1,10032
poisson,NA,4,NA,1,FALSE,LRT,TRUE,0.810930216216329,0.693147180559945,0.25,1,1,80,1,10033
poisson,NA,4,NA,1,FALSE,LRT,TRUE,0.810930216216329,0.693147180559945,0.25,1,1,80,1,10034
poisson,NA,4,NA,1,FALSE,LRT,TRUE,0.810930216216329,0.693147180559945,0.25,1,1,80,1,10035
poisson,NA,4,NA,1,FALSE,LRT,TRUE,0.810930216216329,0.693147180559945,0.25,1,1,80,1,10036
poisson,NA,4,NA,1,FALSE,LRT,TRUE,0.810930216216329,0.693147180559945,0.25,1,1,80,1,10037
poisson,NA,8,NA,1,FALSE,LRT,TRUE,0.810930216216329,0.693147180559945,0.25,1,1,5,20,10038
poisson,NA,8,NA,1,FALSE,LRT,TRUE,0.810930216216329,0.693147180559945,0.25,1,1,10,10,10039
poisson,NA,8,NA,1,FALSE,LRT,TRUE,0.810930216216329,0.693147180559945,0.25,1,1,10,10,10040
poisson,NA,8,NA,1,FALSE,LRT,TRUE,0.810930216216329,0.693147180559945,0.25,1,1,20,5,10041
poisson,NA,8,NA,1,FALSE,LRT,TRUE,0.810930216216329,0.693147180559945,0.25,1,1,20,5,10042
poisson,NA,8,NA,1,FALSE,LRT,TRUE,0.810930216216329,0.693147180559945,0.25,1,1,20,5,10043
poisson,NA,8,NA,1,FALSE,LRT,TRUE,0.810930216216329,0.693147180559945,0.25,1,1,20,5,10044
poisson,NA,8,NA,1,FALSE,LRT,TRUE,0.810930216216329,0.693147180559945,0.25,1,1,40,2,10045
poisson,NA,8,NA,1,FALSE,LRT,TRUE,0.810930216216329,0.693147180559945,0.25,1,1,40,2,10046
poisson,NA,8,NA,1,FALSE,LRT,TRUE,0.810930216216329,0.693147180559945,0.25,1,1,40,2,10047
poisson,NA,8,NA,1,FALSE,LRT,TRUE,0.810930216216329,0.693147180559945,0.25,1,1,40,2,10048
poisson,NA,8,NA,1,FALSE,LRT,TRUE,0.810930216216329,0.693147180559945,0.25,1,1,40,2,10049
poisson,NA,8,NA,1,FALSE,LRT,TRUE,0.810930216216329,0.693147180559945,0.25,1,1,40,2,10050
poisson,NA,8,NA,1,FALSE,LRT,TRUE,0.810930216216329,0.693147180559945,0.25,1,1,40,2,10051
poisson,NA,8,NA,1,FALSE,LRT,TRUE,0.810930216216329,0.693147180559945,0.25,1,1,40,2,10052
poisson,NA,8,NA,1,FALSE,LRT,TRUE,0.810930216216329,0.693147180559945,0.25,1,1,40,2,10053
poisson,NA,8,NA,1,FALSE,LRT,TRUE,0.810930216216329,0.693147180559945,0.25,1,1,40,2,10054
poisson,NA,8,NA,1,FALSE,LRT,TRUE,0.810930216216329,0.693147180559945,0.25,1,1,80,1,10055
poisson,NA,8,NA,1,FALSE,LRT,TRUE,0.810930216216329,0.693147180559945,0.25,1,1,80,1,10056
poisson,NA,8,NA,1,FALSE,LRT,TRUE,0.810930216216329,0.693147180559945,0.25,1,1,80,1,10057
poisson,NA,8,NA,1,FALSE,LRT,TRUE,0.810930216216329,0.693147180559945,0.25,1,1,80,1,10058
poisson,NA,8,NA,1,FALSE,LRT,TRUE,0.810930216216329,0.693147180559945,0.25,1,1,80,1,10059
poisson,NA,8,NA,1,FALSE,LRT,TRUE,0.810930216216329,0.693147180559945,0.25,1,1,80,1,10060
poisson,NA,8,NA,1,FALSE,LRT,TRUE,0.810930216216329,0.693147180559945,0.25,1,1,80,1,10061
poisson,NA,8,NA,1,FALSE,LRT,TRUE,0.810930216216329,0.693147180559945,0.25,1,1,80,1,10062
poisson,NA,8,NA,1,FALSE,LRT,TRUE,0.810930216216329,0.693147180559945,0.25,1,1,80,1,10063
poisson,NA,8,NA,1,FALSE,LRT,TRUE,0.810930216216329,0.693147180559945,0.25,1,1,80,1,10064
poisson,NA,8,NA,1,FALSE,LRT,TRUE,0.810930216216329,0.693147180559945,0.25,1,1,80,1,10065
poisson,NA,8,NA,1,FALSE,LRT,TRUE,0.810930216216329,0.693147180559945,0.25,1,1,80,1,10066
poisson,NA,8,NA,1,FALSE,LRT,TRUE,0.810930216216329,0.693147180559945,0.25,1,1,80,1,10067
poisson,NA,8,NA,1,FALSE,LRT,TRUE,0.810930216216329,0.693147180559945,0.25,1,1,80,1,10068
poisson,NA,8,NA,1,FALSE,LRT,TRUE,0.810930216216329,0.693147180559945,0.25,1,1,80,1,10069
poisson,NA,8,NA,1,FALSE,LRT,TRUE,0.810930216216329,0.693147180559945,0.25,1,1,80,1,10070
poisson,NA,8,NA,1,FALSE,LRT,TRUE,0.810930216216329,0.693147180559945,0.25,1,1,80,1,10071
poisson,NA,8,NA,1,FALSE,LRT,TRUE,0.810930216216329,0.693147180559945,0.25,1,1,80,1,10072
poisson,NA,8,NA,1,FALSE,LRT,TRUE,0.810930216216329,0.693147180559945,0.25,1,1,80,1,10073
poisson,NA,8,NA,1,FALSE,LRT,TRUE,0.810930216216329,0.693147180559945,0.25,1,1,80,1,10074
poisson,NA,16,NA,1,FALSE,LRT,TRUE,0.810930216216329,0.693147180559945,0.25,1,1,5,20,10075
poisson,NA,16,NA,1,FALSE,LRT,TRUE,0.810930216216329,0.693147180559945,0.25,1,1,10,10,10076
poisson,NA,16,NA,1,FALSE,LRT,TRUE,0.810930216216329,0.693147180559945,0.25,1,1,10,10,10077
poisson,NA,16,NA,1,FALSE,LRT,TRUE,0.810930216216329,0.693147180559945,0.25,1,1,20,5,10078
poisson,NA,16,NA,1,FALSE,LRT,TRUE,0.810930216216329,0.693147180559945,0.25,1,1,20,5,10079
poisson,NA,16,NA,1,FALSE,LRT,TRUE,0.810930216216329,0.693147180559945,0.25,1,1,20,5,10080
poisson,NA,16,NA,1,FALSE,LRT,TRUE,0.810930216216329,0.693147180559945,0.25,1,1,20,5,10081
poisson,NA,16,NA,1,FALSE,LRT,TRUE,0.810930216216329,0.693147180559945,0.25,1,1,40,2,10082
poisson,NA,16,NA,1,FALSE,LRT,TRUE,0.810930216216329,0.693147180559945,0.25,1,1,40,2,10083
poisson,NA,16,NA,1,FALSE,LRT,TRUE,0.810930216216329,0.693147180559945,0.25,1,1,40,2,10084
poisson,NA,16,NA,1,FALSE,LRT,TRUE,0.810930216216329,0.693147180559945,0.25,1,1,40,2,10085
poisson,NA,16,NA,1,FALSE,LRT,TRUE,0.810930216216329,0.693147180559945,0.25,1,1,40,2,10086
poisson,NA,16,NA,1,FALSE,LRT,TRUE,0.810930216216329,0.693147180559945,0.25,1,1,40,2,10087
poisson,NA,16,NA,1,FALSE,LRT,TRUE,0.810930216216329,0.693147180559945,0.25,1,1,40,2,10088
poisson,NA,16,NA,1,FALSE,LRT,TRUE,0.810930216216329,0.693147180559945,0.25,1,1,40,2,10089
poisson,NA,16,NA,1,FALSE,LRT,TRUE,0.810930216216329,0.693147180559945,0.25,1,1,40,2,10090
poisson,NA,16,NA,1,FALSE,LRT,TRUE,0.810930216216329,0.693147180559945,0.25,1,1,40,2,10091
poisson,NA,16,NA,1,FALSE,LRT,TRUE,0.810930216216329,0.693147180559945,0.25,1,1,80,1,10092
poisson,NA,16,NA,1,FALSE,LRT,TRUE,0.810930216216329,0.693147180559945,0.25,1,1,80,1,10093
poisson,NA,16,NA,1,FALSE,LRT,TRUE,0.810930216216329,0.693147180559945,0.25,1,1,80,1,10094
poisson,NA,16,NA,1,FALSE,LRT,TRUE,0.810930216216329,0.693147180559945,0.25,1,1,80,1,10095
poisson,NA,16,NA,1,FALSE,LRT,TRUE,0.810930216216329,0.693147180559945,0.25,1,1,80,1,10096
poisson,NA,16,NA,1,FALSE,LRT,TRUE,0.810930216216329,0.693147180559945,0.25,1,1,80,1,10097
poisson,NA,16,NA,1,FALSE,LRT,TRUE,0.810930216216329,0.693147180559945,0.25,1,1,80,1,10098
poisson,NA,16,NA,1,FALSE,LRT,TRUE,0.810930216216329,0.693147180559945,0.25,1,1,80,1,10099
poisson,NA,16,NA,1,FALSE,LRT,TRUE,0.810930216216329,0.693147180559945,0.25,1,1,80,1,10100
poisson,NA,16,NA,1,FALSE,LRT,TRUE,0.810930216216329,0.693147180559945,0.25,1,1,80,1,10101
poisson,NA,16,NA,1,FALSE,LRT,TRUE,0.810930216216329,0.693147180559945,0.25,1,1,80,1,10102
poisson,NA,16,NA,1,FALSE,LRT,TRUE,0.810930216216329,0.693147180559945,0.25,1,1,80,1,10103
poisson,NA,16,NA,1,FALSE,LRT,TRUE,0.810930216216329,0.693147180559945,0.25,1,1,80,1,10104
poisson,NA,16,NA,1,FALSE,LRT,TRUE,0.810930216216329,0.693147180559945,0.25,1,1,80,1,10105
poisson,NA,16,NA,1,FALSE,LRT,TRUE,0.810930216216329,0.693147180559945,0.25,1,1,80,1,10106
poisson,NA,16,NA,1,FALSE,LRT,TRUE,0.810930216216329,0.693147180559945,0.25,1,1,80,1,10107
poisson,NA,16,NA,1,FALSE,LRT,TRUE,0.810930216216329,0.693147180559945,0.25,1,1,80,1,10108
poisson,NA,16,NA,1,FALSE,LRT,TRUE,0.810930216216329,0.693147180559945,0.25,1,1,80,1,10109
poisson,NA,16,NA,1,FALSE,LRT,TRUE,0.810930216216329,0.693147180559945,0.25,1,1,80,1,10110
poisson,NA,16,NA,1,FALSE,LRT,TRUE,0.810930216216329,0.693147180559945,0.25,1,1,80,1,10111
poisson,NA,32,NA,1,FALSE,LRT,TRUE,0.810930216216329,0.693147180559945,0.25,1,1,5,20,10112
poisson,NA,32,NA,1,FALSE,LRT,TRUE,0.810930216216329,0.693147180559945,0.25,1,1,10,10,10113
poisson,NA,32,NA,1,FALSE,LRT,TRUE,0.810930216216329,0.693147180559945,0.25,1,1,10,10,10114
poisson,NA,32,NA,1,FALSE,LRT,TRUE,0.810930216216329,0.693147180559945,0.25,1,1,20,5,10115
poisson,NA,32,NA,1,FALSE,LRT,TRUE,0.810930216216329,0.693147180559945,0.25,1,1,20,5,10116
poisson,NA,32,NA,1,FALSE,LRT,TRUE,0.810930216216329,0.693147180559945,0.25,1,1,20,5,10117
poisson,NA,32,NA,1,FALSE,LRT,TRUE,0.810930216216329,0.693147180559945,0.25,1,1,20,5,10118
poisson,NA,32,NA,1,FALSE,LRT,TRUE,0.810930216216329,0.693147180559945,0.25,1,1,40,2,10119
poisson,NA,32,NA,1,FALSE,LRT,TRUE,0.810930216216329,0.693147180559945,0.25,1,1,40,2,10120
poisson,NA,32,NA,1,FALSE,LRT,TRUE,0.810930216216329,0.693147180559945,0.25,1,1,40,2,10121
poisson,NA,32,NA,1,FALSE,LRT,TRUE,0.810930216216329,0.693147180559945,0.25,1,1,40,2,10122
poisson,NA,32,NA,1,FALSE,LRT,TRUE,0.810930216216329,0.693147180559945,0.25,1,1,40,2,10123
poisson,NA,32,NA,1,FALSE,LRT,TRUE,0.810930216216329,0.693147180559945,0.25,1,1,40,2,10124
poisson,NA,32,NA,1,FALSE,LRT,TRUE,0.810930216216329,0.693147180559945,0.25,1,1,40,2,10125
poisson,NA,32,NA,1,FALSE,LRT,TRUE,0.810930216216329,0.693147180559945,0.25,1,1,40,2,10126
poisson,NA,32,NA,1,FALSE,LRT,TRUE,0.810930216216329,0.693147180559945,0.25,1,1,40,2,10127
poisson,NA,32,NA,1,FALSE,LRT,TRUE,0.810930216216329,0.693147180559945,0.25,1,1,40,2,10128
poisson,NA,32,NA,1,FALSE,LRT,TRUE,0.810930216216329,0.693147180559945,0.25,1,1,80,1,10129
poisson,NA,32,NA,1,FALSE,LRT,TRUE,0.810930216216329,0.693147180559945,0.25,1,1,80,1,10130
poisson,NA,32,NA,1,FALSE,LRT,TRUE,0.810930216216329,0.693147180559945,0.25,1,1,80,1,10131
poisson,NA,32,NA,1,FALSE,LRT,TRUE,0.810930216216329,0.693147180559945,0.25,1,1,80,1,10132
poisson,NA,32,NA,1,FALSE,LRT,TRUE,0.810930216216329,0.693147180559945,0.25,1,1,80,1,10133
poisson,NA,32,NA,1,FALSE,LRT,TRUE,0.810930216216329,0.693147180559945,0.25,1,1,80,1,10134
poisson,NA,32,NA,1,FALSE,LRT,TRUE,0.810930216216329,0.693147180559945,0.25,1,1,80,1,10135
poisson,NA,32,NA,1,FALSE,LRT,TRUE,0.810930216216329,0.693147180559945,0.25,1,1,80,1,10136
poisson,NA,32,NA,1,FALSE,LRT,TRUE,0.810930216216329,0.693147180559945,0.25,1,1,80,1,10137
poisson,NA,32,NA,1,FALSE,LRT,TRUE,0.810930216216329,0.693147180559945,0.25,1,1,80,1,10138
poisson,NA,32,NA,1,FALSE,LRT,TRUE,0.810930216216329,0.693147180559945,0.25,1,1,80,1,10139
poisson,NA,32,NA,1,FALSE,LRT,TRUE,0.810930216216329,0.693147180559945,0.25,1,1,80,1,10140
poisson,NA,32,NA,1,FALSE,LRT,TRUE,0.810930216216329,0.693147180559945,0.25,1,1,80,1,10141
poisson,NA,32,NA,1,FALSE,LRT,TRUE,0.810930216216329,0.693147180559945,0.25,1,1,80,1,10142
poisson,NA,32,NA,1,FALSE,LRT,TRUE,0.810930216216329,0.693147180559945,0.25,1,1,80,1,10143
poisson,NA,32,NA,1,FALSE,LRT,TRUE,0.810930216216329,0.693147180559945,0.25,1,1,80,1,10144
poisson,NA,32,NA,1,FALSE,LRT,TRUE,0.810930216216329,0.693147180559945,0.25,1,1,80,1,10145
poisson,NA,32,NA,1,FALSE,LRT,TRUE,0.810930216216329,0.693147180559945,0.25,1,1,80,1,10146
poisson,NA,32,NA,1,FALSE,LRT,TRUE,0.810930216216329,0.693147180559945,0.25,1,1,80,1,10147
poisson,NA,32,NA,1,FALSE,LRT,TRUE,0.810930216216329,0.693147180559945,0.25,1,1,80,1,10148
poisson,NA,64,NA,1,FALSE,LRT,TRUE,0.810930216216329,0.693147180559945,0.25,1,1,5,20,10149
poisson,NA,64,NA,1,FALSE,LRT,TRUE,0.810930216216329,0.693147180559945,0.25,1,1,10,10,10150
poisson,NA,64,NA,1,FALSE,LRT,TRUE,0.810930216216329,0.693147180559945,0.25,1,1,10,10,10151
poisson,NA,64,NA,1,FALSE,LRT,TRUE,0.810930216216329,0.693147180559945,0.25,1,1,20,5,10152
poisson,NA,64,NA,1,FALSE,LRT,TRUE,0.810930216216329,0.693147180559945,0.25,1,1,20,5,10153
poisson,NA,64,NA,1,FALSE,LRT,TRUE,0.810930216216329,0.693147180559945,0.25,1,1,20,5,10154
poisson,NA,64,NA,1,FALSE,LRT,TRUE,0.810930216216329,0.693147180559945,0.25,1,1,20,5,10155
poisson,NA,64,NA,1,FALSE,LRT,TRUE,0.810930216216329,0.693147180559945,0.25,1,1,40,2,10156
poisson,NA,64,NA,1,FALSE,LRT,TRUE,0.810930216216329,0.693147180559945,0.25,1,1,40,2,10157
poisson,NA,64,NA,1,FALSE,LRT,TRUE,0.810930216216329,0.693147180559945,0.25,1,1,40,2,10158
poisson,NA,64,NA,1,FALSE,LRT,TRUE,0.810930216216329,0.693147180559945,0.25,1,1,40,2,10159
poisson,NA,64,NA,1,FALSE,LRT,TRUE,0.810930216216329,0.693147180559945,0.25,1,1,40,2,10160
poisson,NA,64,NA,1,FALSE,LRT,TRUE,0.810930216216329,0.693147180559945,0.25,1,1,40,2,10161
poisson,NA,64,NA,1,FALSE,LRT,TRUE,0.810930216216329,0.693147180559945,0.25,1,1,40,2,10162
poisson,NA,64,NA,1,FALSE,LRT,TRUE,0.810930216216329,0.693147180559945,0.25,1,1,40,2,10163
poisson,NA,64,NA,1,FALSE,LRT,TRUE,0.810930216216329,0.693147180559945,0.25,1,1,40,2,10164
poisson,NA,64,NA,1,FALSE,LRT,TRUE,0.810930216216329,0.693147180559945,0.25,1,1,40,2,10165
poisson,NA,64,NA,1,FALSE,LRT,TRUE,0.810930216216329,0.693147180559945,0.25,1,1,80,1,10166
poisson,NA,64,NA,1,FALSE,LRT,TRUE,0.810930216216329,0.693147180559945,0.25,1,1,80,1,10167
poisson,NA,64,NA,1,FALSE,LRT,TRUE,0.810930216216329,0.693147180559945,0.25,1,1,80,1,10168
poisson,NA,64,NA,1,FALSE,LRT,TRUE,0.810930216216329,0.693147180559945,0.25,1,1,80,1,10169
poisson,NA,64,NA,1,FALSE,LRT,TRUE,0.810930216216329,0.693147180559945,0.25,1,1,80,1,10170
poisson,NA,64,NA,1,FALSE,LRT,TRUE,0.810930216216329,0.693147180559945,0.25,1,1,80,1,10171
poisson,NA,64,NA,1,FALSE,LRT,TRUE,0.810930216216329,0.693147180559945,0.25,1,1,80,1,10172
poisson,NA,64,NA,1,FALSE,LRT,TRUE,0.810930216216329,0.693147180559945,0.25,1,1,80,1,10173
poisson,NA,64,NA,1,FALSE,LRT,TRUE,0.810930216216329,0.693147180559945,0.25,1,1,80,1,10174
poisson,NA,64,NA,1,FALSE,LRT,TRUE,0.810930216216329,0.693147180559945,0.25,1,1,80,1,10175
poisson,NA,64,NA,1,FALSE,LRT,TRUE,0.810930216216329,0.693147180559945,0.25,1,1,80,1,10176
poisson,NA,64,NA,1,FALSE,LRT,TRUE,0.810930216216329,0.693147180559945,0.25,1,1,80,1,10177
poisson,NA,64,NA,1,FALSE,LRT,TRUE,0.810930216216329,0.693147180559945,0.25,1,1,80,1,10178
poisson,NA,64,NA,1,FALSE,LRT,TRUE,0.810930216216329,0.693147180559945,0.25,1,1,80,1,10179
poisson,NA,64,NA,1,FALSE,LRT,TRUE,0.810930216216329,0.693147180559945,0.25,1,1,80,1,10180
poisson,NA,64,NA,1,FALSE,LRT,TRUE,0.810930216216329,0.693147180559945,0.25,1,1,80,1,10181
poisson,NA,64,NA,1,FALSE,LRT,TRUE,0.810930216216329,0.693147180559945,0.25,1,1,80,1,10182
poisson,NA,64,NA,1,FALSE,LRT,TRUE,0.810930216216329,0.693147180559945,0.25,1,1,80,1,10183
poisson,NA,64,NA,1,FALSE,LRT,TRUE,0.810930216216329,0.693147180559945,0.25,1,1,80,1,10184
poisson,NA,64,NA,1,FALSE,LRT,TRUE,0.810930216216329,0.693147180559945,0.25,1,1,80,1,10185
poisson,NA,4,NA,1,FALSE,Wald,TRUE,0.810930216216329,0.693147180559945,0.25,1,1,5,20,10186
poisson,NA,4,NA,1,FALSE,Wald,TRUE,0.810930216216329,0.693147180559945,0.25,1,1,10,10,10187
poisson,NA,4,NA,1,FALSE,Wald,TRUE,0.810930216216329,0.693147180559945,0.25,1,1,10,10,10188
poisson,NA,4,NA,1,FALSE,Wald,TRUE,0.810930216216329,0.693147180559945,0.25,1,1,20,5,10189
poisson,NA,4,NA,1,FALSE,Wald,TRUE,0.810930216216329,0.693147180559945,0.25,1,1,20,5,10190
poisson,NA,4,NA,1,FALSE,Wald,TRUE,0.810930216216329,0.693147180559945,0.25,1,1,20,5,10191
poisson,NA,4,NA,1,FALSE,Wald,TRUE,0.810930216216329,0.693147180559945,0.25,1,1,20,5,10192
poisson,NA,4,NA,1,FALSE,Wald,TRUE,0.810930216216329,0.693147180559945,0.25,1,1,40,2,10193
poisson,NA,4,NA,1,FALSE,Wald,TRUE,0.810930216216329,0.693147180559945,0.25,1,1,40,2,10194
poisson,NA,4,NA,1,FALSE,Wald,TRUE,0.810930216216329,0.693147180559945,0.25,1,1,40,2,10195
poisson,NA,4,NA,1,FALSE,Wald,TRUE,0.810930216216329,0.693147180559945,0.25,1,1,40,2,10196
poisson,NA,4,NA,1,FALSE,Wald,TRUE,0.810930216216329,0.693147180559945,0.25,1,1,40,2,10197
poisson,NA,4,NA,1,FALSE,Wald,TRUE,0.810930216216329,0.693147180559945,0.25,1,1,40,2,10198
poisson,NA,4,NA,1,FALSE,Wald,TRUE,0.810930216216329,0.693147180559945,0.25,1,1,40,2,10199
poisson,NA,4,NA,1,FALSE,Wald,TRUE,0.810930216216329,0.693147180559945,0.25,1,1,40,2,10200
poisson,NA,4,NA,1,FALSE,Wald,TRUE,0.810930216216329,0.693147180559945,0.25,1,1,40,2,10201
poisson,NA,4,NA,1,FALSE,Wald,TRUE,0.810930216216329,0.693147180559945,0.25,1,1,40,2,10202
poisson,NA,4,NA,1,FALSE,Wald,TRUE,0.810930216216329,0.693147180559945,0.25,1,1,80,1,10203
poisson,NA,4,NA,1,FALSE,Wald,TRUE,0.810930216216329,0.693147180559945,0.25,1,1,80,1,10204
poisson,NA,4,NA,1,FALSE,Wald,TRUE,0.810930216216329,0.693147180559945,0.25,1,1,80,1,10205
poisson,NA,4,NA,1,FALSE,Wald,TRUE,0.810930216216329,0.693147180559945,0.25,1,1,80,1,10206
poisson,NA,4,NA,1,FALSE,Wald,TRUE,0.810930216216329,0.693147180559945,0.25,1,1,80,1,10207
poisson,NA,4,NA,1,FALSE,Wald,TRUE,0.810930216216329,0.693147180559945,0.25,1,1,80,1,10208
poisson,NA,4,NA,1,FALSE,Wald,TRUE,0.810930216216329,0.693147180559945,0.25,1,1,80,1,10209
poisson,NA,4,NA,1,FALSE,Wald,TRUE,0.810930216216329,0.693147180559945,0.25,1,1,80,1,10210
poisson,NA,4,NA,1,FALSE,Wald,TRUE,0.810930216216329,0.693147180559945,0.25,1,1,80,1,10211
poisson,NA,4,NA,1,FALSE,Wald,TRUE,0.810930216216329,0.693147180559945,0.25,1,1,80,1,10212
poisson,NA,4,NA,1,FALSE,Wald,TRUE,0.810930216216329,0.693147180559945,0.25,1,1,80,1,10213
poisson,NA,4,NA,1,FALSE,Wald,TRUE,0.810930216216329,0.693147180559945,0.25,1,1,80,1,10214
poisson,NA,4,NA,1,FALSE,Wald,TRUE,0.810930216216329,0.693147180559945,0.25,1,1,80,1,10215
poisson,NA,4,NA,1,FALSE,Wald,TRUE,0.810930216216329,0.693147180559945,0.25,1,1,80,1,10216
poisson,NA,4,NA,1,FALSE,Wald,TRUE,0.810930216216329,0.693147180559945,0.25,1,1,80,1,10217
poisson,NA,4,NA,1,FALSE,Wald,TRUE,0.810930216216329,0.693147180559945,0.25,1,1,80,1,10218
poisson,NA,4,NA,1,FALSE,Wald,TRUE,0.810930216216329,0.693147180559945,0.25,1,1,80,1,10219
poisson,NA,4,NA,1,FALSE,Wald,TRUE,0.810930216216329,0.693147180559945,0.25,1,1,80,1,10220
poisson,NA,4,NA,1,FALSE,Wald,TRUE,0.810930216216329,0.693147180559945,0.25,1,1,80,1,10221
poisson,NA,4,NA,1,FALSE,Wald,TRUE,0.810930216216329,0.693147180559945,0.25,1,1,80,1,10222
poisson,NA,8,NA,1,FALSE,Wald,TRUE,0.810930216216329,0.693147180559945,0.25,1,1,5,20,10223
poisson,NA,8,NA,1,FALSE,Wald,TRUE,0.810930216216329,0.693147180559945,0.25,1,1,10,10,10224
poisson,NA,8,NA,1,FALSE,Wald,TRUE,0.810930216216329,0.693147180559945,0.25,1,1,10,10,10225
poisson,NA,8,NA,1,FALSE,Wald,TRUE,0.810930216216329,0.693147180559945,0.25,1,1,20,5,10226
poisson,NA,8,NA,1,FALSE,Wald,TRUE,0.810930216216329,0.693147180559945,0.25,1,1,20,5,10227
poisson,NA,8,NA,1,FALSE,Wald,TRUE,0.810930216216329,0.693147180559945,0.25,1,1,20,5,10228
poisson,NA,8,NA,1,FALSE,Wald,TRUE,0.810930216216329,0.693147180559945,0.25,1,1,20,5,10229
poisson,NA,8,NA,1,FALSE,Wald,TRUE,0.810930216216329,0.693147180559945,0.25,1,1,40,2,10230
poisson,NA,8,NA,1,FALSE,Wald,TRUE,0.810930216216329,0.693147180559945,0.25,1,1,40,2,10231
poisson,NA,8,NA,1,FALSE,Wald,TRUE,0.810930216216329,0.693147180559945,0.25,1,1,40,2,10232
poisson,NA,8,NA,1,FALSE,Wald,TRUE,0.810930216216329,0.693147180559945,0.25,1,1,40,2,10233
poisson,NA,8,NA,1,FALSE,Wald,TRUE,0.810930216216329,0.693147180559945,0.25,1,1,40,2,10234
poisson,NA,8,NA,1,FALSE,Wald,TRUE,0.810930216216329,0.693147180559945,0.25,1,1,40,2,10235
poisson,NA,8,NA,1,FALSE,Wald,TRUE,0.810930216216329,0.693147180559945,0.25,1,1,40,2,10236
poisson,NA,8,NA,1,FALSE,Wald,TRUE,0.810930216216329,0.693147180559945,0.25,1,1,40,2,10237
poisson,NA,8,NA,1,FALSE,Wald,TRUE,0.810930216216329,0.693147180559945,0.25,1,1,40,2,10238
poisson,NA,8,NA,1,FALSE,Wald,TRUE,0.810930216216329,0.693147180559945,0.25,1,1,40,2,10239
poisson,NA,8,NA,1,FALSE,Wald,TRUE,0.810930216216329,0.693147180559945,0.25,1,1,80,1,10240
poisson,NA,8,NA,1,FALSE,Wald,TRUE,0.810930216216329,0.693147180559945,0.25,1,1,80,1,10241
poisson,NA,8,NA,1,FALSE,Wald,TRUE,0.810930216216329,0.693147180559945,0.25,1,1,80,1,10242
poisson,NA,8,NA,1,FALSE,Wald,TRUE,0.810930216216329,0.693147180559945,0.25,1,1,80,1,10243
poisson,NA,8,NA,1,FALSE,Wald,TRUE,0.810930216216329,0.693147180559945,0.25,1,1,80,1,10244
poisson,NA,8,NA,1,FALSE,Wald,TRUE,0.810930216216329,0.693147180559945,0.25,1,1,80,1,10245
poisson,NA,8,NA,1,FALSE,Wald,TRUE,0.810930216216329,0.693147180559945,0.25,1,1,80,1,10246
poisson,NA,8,NA,1,FALSE,Wald,TRUE,0.810930216216329,0.693147180559945,0.25,1,1,80,1,10247
poisson,NA,8,NA,1,FALSE,Wald,TRUE,0.810930216216329,0.693147180559945,0.25,1,1,80,1,10248
poisson,NA,8,NA,1,FALSE,Wald,TRUE,0.810930216216329,0.693147180559945,0.25,1,1,80,1,10249
poisson,NA,8,NA,1,FALSE,Wald,TRUE,0.810930216216329,0.693147180559945,0.25,1,1,80,1,10250
poisson,NA,8,NA,1,FALSE,Wald,TRUE,0.810930216216329,0.693147180559945,0.25,1,1,80,1,10251
poisson,NA,8,NA,1,FALSE,Wald,TRUE,0.810930216216329,0.693147180559945,0.25,1,1,80,1,10252
poisson,NA,8,NA,1,FALSE,Wald,TRUE,0.810930216216329,0.693147180559945,0.25,1,1,80,1,10253
poisson,NA,8,NA,1,FALSE,Wald,TRUE,0.810930216216329,0.693147180559945,0.25,1,1,80,1,10254
poisson,NA,8,NA,1,FALSE,Wald,TRUE,0.810930216216329,0.693147180559945,0.25,1,1,80,1,10255
poisson,NA,8,NA,1,FALSE,Wald,TRUE,0.810930216216329,0.693147180559945,0.25,1,1,80,1,10256
poisson,NA,8,NA,1,FALSE,Wald,TRUE,0.810930216216329,0.693147180559945,0.25,1,1,80,1,10257
poisson,NA,8,NA,1,FALSE,Wald,TRUE,0.810930216216329,0.693147180559945,0.25,1,1,80,1,10258
poisson,NA,8,NA,1,FALSE,Wald,TRUE,0.810930216216329,0.693147180559945,0.25,1,1,80,1,10259
poisson,NA,16,NA,1,FALSE,Wald,TRUE,0.810930216216329,0.693147180559945,0.25,1,1,5,20,10260
poisson,NA,16,NA,1,FALSE,Wald,TRUE,0.810930216216329,0.693147180559945,0.25,1,1,10,10,10261
poisson,NA,16,NA,1,FALSE,Wald,TRUE,0.810930216216329,0.693147180559945,0.25,1,1,10,10,10262
poisson,NA,16,NA,1,FALSE,Wald,TRUE,0.810930216216329,0.693147180559945,0.25,1,1,20,5,10263
poisson,NA,16,NA,1,FALSE,Wald,TRUE,0.810930216216329,0.693147180559945,0.25,1,1,20,5,10264
poisson,NA,16,NA,1,FALSE,Wald,TRUE,0.810930216216329,0.693147180559945,0.25,1,1,20,5,10265
poisson,NA,16,NA,1,FALSE,Wald,TRUE,0.810930216216329,0.693147180559945,0.25,1,1,20,5,10266
poisson,NA,16,NA,1,FALSE,Wald,TRUE,0.810930216216329,0.693147180559945,0.25,1,1,40,2,10267
poisson,NA,16,NA,1,FALSE,Wald,TRUE,0.810930216216329,0.693147180559945,0.25,1,1,40,2,10268
poisson,NA,16,NA,1,FALSE,Wald,TRUE,0.810930216216329,0.693147180559945,0.25,1,1,40,2,10269
poisson,NA,16,NA,1,FALSE,Wald,TRUE,0.810930216216329,0.693147180559945,0.25,1,1,40,2,10270
poisson,NA,16,NA,1,FALSE,Wald,TRUE,0.810930216216329,0.693147180559945,0.25,1,1,40,2,10271
poisson,NA,16,NA,1,FALSE,Wald,TRUE,0.810930216216329,0.693147180559945,0.25,1,1,40,2,10272
poisson,NA,16,NA,1,FALSE,Wald,TRUE,0.810930216216329,0.693147180559945,0.25,1,1,40,2,10273
poisson,NA,16,NA,1,FALSE,Wald,TRUE,0.810930216216329,0.693147180559945,0.25,1,1,40,2,10274
poisson,NA,16,NA,1,FALSE,Wald,TRUE,0.810930216216329,0.693147180559945,0.25,1,1,40,2,10275
poisson,NA,16,NA,1,FALSE,Wald,TRUE,0.810930216216329,0.693147180559945,0.25,1,1,40,2,10276
poisson,NA,16,NA,1,FALSE,Wald,TRUE,0.810930216216329,0.693147180559945,0.25,1,1,80,1,10277
poisson,NA,16,NA,1,FALSE,Wald,TRUE,0.810930216216329,0.693147180559945,0.25,1,1,80,1,10278
poisson,NA,16,NA,1,FALSE,Wald,TRUE,0.810930216216329,0.693147180559945,0.25,1,1,80,1,10279
poisson,NA,16,NA,1,FALSE,Wald,TRUE,0.810930216216329,0.693147180559945,0.25,1,1,80,1,10280
poisson,NA,16,NA,1,FALSE,Wald,TRUE,0.810930216216329,0.693147180559945,0.25,1,1,80,1,10281
poisson,NA,16,NA,1,FALSE,Wald,TRUE,0.810930216216329,0.693147180559945,0.25,1,1,80,1,10282
poisson,NA,16,NA,1,FALSE,Wald,TRUE,0.810930216216329,0.693147180559945,0.25,1,1,80,1,10283
poisson,NA,16,NA,1,FALSE,Wald,TRUE,0.810930216216329,0.693147180559945,0.25,1,1,80,1,10284
poisson,NA,16,NA,1,FALSE,Wald,TRUE,0.810930216216329,0.693147180559945,0.25,1,1,80,1,10285
poisson,NA,16,NA,1,FALSE,Wald,TRUE,0.810930216216329,0.693147180559945,0.25,1,1,80,1,10286
poisson,NA,16,NA,1,FALSE,Wald,TRUE,0.810930216216329,0.693147180559945,0.25,1,1,80,1,10287
poisson,NA,16,NA,1,FALSE,Wald,TRUE,0.810930216216329,0.693147180559945,0.25,1,1,80,1,10288
poisson,NA,16,NA,1,FALSE,Wald,TRUE,0.810930216216329,0.693147180559945,0.25,1,1,80,1,10289
poisson,NA,16,NA,1,FALSE,Wald,TRUE,0.810930216216329,0.693147180559945,0.25,1,1,80,1,10290
poisson,NA,16,NA,1,FALSE,Wald,TRUE,0.810930216216329,0.693147180559945,0.25,1,1,80,1,10291
poisson,NA,16,NA,1,FALSE,Wald,TRUE,0.810930216216329,0.693147180559945,0.25,1,1,80,1,10292
poisson,NA,16,NA,1,FALSE,Wald,TRUE,0.810930216216329,0.693147180559945,0.25,1,1,80,1,10293
poisson,NA,16,NA,1,FALSE,Wald,TRUE,0.810930216216329,0.693147180559945,0.25,1,1,80,1,10294
poisson,NA,16,NA,1,FALSE,Wald,TRUE,0.810930216216329,0.693147180559945,0.25,1,1,80,1,10295
poisson,NA,16,NA,1,FALSE,Wald,TRUE,0.810930216216329,0.693147180559945,0.25,1,1,80,1,10296
poisson,NA,32,NA,1,FALSE,Wald,TRUE,0.810930216216329,0.693147180559945,0.25,1,1,5,20,10297
poisson,NA,32,NA,1,FALSE,Wald,TRUE,0.810930216216329,0.693147180559945,0.25,1,1,10,10,10298
poisson,NA,32,NA,1,FALSE,Wald,TRUE,0.810930216216329,0.693147180559945,0.25,1,1,10,10,10299
poisson,NA,32,NA,1,FALSE,Wald,TRUE,0.810930216216329,0.693147180559945,0.25,1,1,20,5,10300
poisson,NA,32,NA,1,FALSE,Wald,TRUE,0.810930216216329,0.693147180559945,0.25,1,1,20,5,10301
poisson,NA,32,NA,1,FALSE,Wald,TRUE,0.810930216216329,0.693147180559945,0.25,1,1,20,5,10302
poisson,NA,32,NA,1,FALSE,Wald,TRUE,0.810930216216329,0.693147180559945,0.25,1,1,20,5,10303
poisson,NA,32,NA,1,FALSE,Wald,TRUE,0.810930216216329,0.693147180559945,0.25,1,1,40,2,10304
poisson,NA,32,NA,1,FALSE,Wald,TRUE,0.810930216216329,0.693147180559945,0.25,1,1,40,2,10305
poisson,NA,32,NA,1,FALSE,Wald,TRUE,0.810930216216329,0.693147180559945,0.25,1,1,40,2,10306
poisson,NA,32,NA,1,FALSE,Wald,TRUE,0.810930216216329,0.693147180559945,0.25,1,1,40,2,10307
poisson,NA,32,NA,1,FALSE,Wald,TRUE,0.810930216216329,0.693147180559945,0.25,1,1,40,2,10308
poisson,NA,32,NA,1,FALSE,Wald,TRUE,0.810930216216329,0.693147180559945,0.25,1,1,40,2,10309
poisson,NA,32,NA,1,FALSE,Wald,TRUE,0.810930216216329,0.693147180559945,0.25,1,1,40,2,10310
poisson,NA,32,NA,1,FALSE,Wald,TRUE,0.810930216216329,0.693147180559945,0.25,1,1,40,2,10311
poisson,NA,32,NA,1,FALSE,Wald,TRUE,0.810930216216329,0.693147180559945,0.25,1,1,40,2,10312
poisson,NA,32,NA,1,FALSE,Wald,TRUE,0.810930216216329,0.693147180559945,0.25,1,1,40,2,10313
poisson,NA,32,NA,1,FALSE,Wald,TRUE,0.810930216216329,0.693147180559945,0.25,1,1,80,1,10314
poisson,NA,32,NA,1,FALSE,Wald,TRUE,0.810930216216329,0.693147180559945,0.25,1,1,80,1,10315
poisson,NA,32,NA,1,FALSE,Wald,TRUE,0.810930216216329,0.693147180559945,0.25,1,1,80,1,10316
poisson,NA,32,NA,1,FALSE,Wald,TRUE,0.810930216216329,0.693147180559945,0.25,1,1,80,1,10317
poisson,NA,32,NA,1,FALSE,Wald,TRUE,0.810930216216329,0.693147180559945,0.25,1,1,80,1,10318
poisson,NA,32,NA,1,FALSE,Wald,TRUE,0.810930216216329,0.693147180559945,0.25,1,1,80,1,10319
poisson,NA,32,NA,1,FALSE,Wald,TRUE,0.810930216216329,0.693147180559945,0.25,1,1,80,1,10320
poisson,NA,32,NA,1,FALSE,Wald,TRUE,0.810930216216329,0.693147180559945,0.25,1,1,80,1,10321
poisson,NA,32,NA,1,FALSE,Wald,TRUE,0.810930216216329,0.693147180559945,0.25,1,1,80,1,10322
poisson,NA,32,NA,1,FALSE,Wald,TRUE,0.810930216216329,0.693147180559945,0.25,1,1,80,1,10323
poisson,NA,32,NA,1,FALSE,Wald,TRUE,0.810930216216329,0.693147180559945,0.25,1,1,80,1,10324
poisson,NA,32,NA,1,FALSE,Wald,TRUE,0.810930216216329,0.693147180559945,0.25,1,1,80,1,10325
poisson,NA,32,NA,1,FALSE,Wald,TRUE,0.810930216216329,0.693147180559945,0.25,1,1,80,1,10326
poisson,NA,32,NA,1,FALSE,Wald,TRUE,0.810930216216329,0.693147180559945,0.25,1,1,80,1,10327
poisson,NA,32,NA,1,FALSE,Wald,TRUE,0.810930216216329,0.693147180559945,0.25,1,1,80,1,10328
poisson,NA,32,NA,1,FALSE,Wald,TRUE,0.810930216216329,0.693147180559945,0.25,1,1,80,1,10329
poisson,NA,32,NA,1,FALSE,Wald,TRUE,0.810930216216329,0.693147180559945,0.25,1,1,80,1,10330
poisson,NA,32,NA,1,FALSE,Wald,TRUE,0.810930216216329,0.693147180559945,0.25,1,1,80,1,10331
poisson,NA,32,NA,1,FALSE,Wald,TRUE,0.810930216216329,0.693147180559945,0.25,1,1,80,1,10332
poisson,NA,32,NA,1,FALSE,Wald,TRUE,0.810930216216329,0.693147180559945,0.25,1,1,80,1,10333
poisson,NA,64,NA,1,FALSE,Wald,TRUE,0.810930216216329,0.693147180559945,0.25,1,1,5,20,10334
poisson,NA,64,NA,1,FALSE,Wald,TRUE,0.810930216216329,0.693147180559945,0.25,1,1,10,10,10335
poisson,NA,64,NA,1,FALSE,Wald,TRUE,0.810930216216329,0.693147180559945,0.25,1,1,10,10,10336
poisson,NA,64,NA,1,FALSE,Wald,TRUE,0.810930216216329,0.693147180559945,0.25,1,1,20,5,10337
poisson,NA,64,NA,1,FALSE,Wald,TRUE,0.810930216216329,0.693147180559945,0.25,1,1,20,5,10338
poisson,NA,64,NA,1,FALSE,Wald,TRUE,0.810930216216329,0.693147180559945,0.25,1,1,20,5,10339
poisson,NA,64,NA,1,FALSE,Wald,TRUE,0.810930216216329,0.693147180559945,0.25,1,1,20,5,10340
poisson,NA,64,NA,1,FALSE,Wald,TRUE,0.810930216216329,0.693147180559945,0.25,1,1,40,2,10341
poisson,NA,64,NA,1,FALSE,Wald,TRUE,0.810930216216329,0.693147180559945,0.25,1,1,40,2,10342
poisson,NA,64,NA,1,FALSE,Wald,TRUE,0.810930216216329,0.693147180559945,0.25,1,1,40,2,10343
poisson,NA,64,NA,1,FALSE,Wald,TRUE,0.810930216216329,0.693147180559945,0.25,1,1,40,2,10344
poisson,NA,64,NA,1,FALSE,Wald,TRUE,0.810930216216329,0.693147180559945,0.25,1,1,40,2,10345
poisson,NA,64,NA,1,FALSE,Wald,TRUE,0.810930216216329,0.693147180559945,0.25,1,1,40,2,10346
poisson,NA,64,NA,1,FALSE,Wald,TRUE,0.810930216216329,0.693147180559945,0.25,1,1,40,2,10347
poisson,NA,64,NA,1,FALSE,Wald,TRUE,0.810930216216329,0.693147180559945,0.25,1,1,40,2,10348
poisson,NA,64,NA,1,FALSE,Wald,TRUE,0.810930216216329,0.693147180559945,0.25,1,1,40,2,10349
poisson,NA,64,NA,1,FALSE,Wald,TRUE,0.810930216216329,0.693147180559945,0.25,1,1,40,2,10350
poisson,NA,64,NA,1,FALSE,Wald,TRUE,0.810930216216329,0.693147180559945,0.25,1,1,80,1,10351
poisson,NA,64,NA,1,FALSE,Wald,TRUE,0.810930216216329,0.693147180559945,0.25,1,1,80,1,10352
poisson,NA,64,NA,1,FALSE,Wald,TRUE,0.810930216216329,0.693147180559945,0.25,1,1,80,1,10353
poisson,NA,64,NA,1,FALSE,Wald,TRUE,0.810930216216329,0.693147180559945,0.25,1,1,80,1,10354
poisson,NA,64,NA,1,FALSE,Wald,TRUE,0.810930216216329,0.693147180559945,0.25,1,1,80,1,10355
poisson,NA,64,NA,1,FALSE,Wald,TRUE,0.810930216216329,0.693147180559945,0.25,1,1,80,1,10356
poisson,NA,64,NA,1,FALSE,Wald,TRUE,0.810930216216329,0.693147180559945,0.25,1,1,80,1,10357
poisson,NA,64,NA,1,FALSE,Wald,TRUE,0.810930216216329,0.693147180559945,0.25,1,1,80,1,10358
poisson,NA,64,NA,1,FALSE,Wald,TRUE,0.810930216216329,0.693147180559945,0.25,1,1,80,1,10359
poisson,NA,64,NA,1,FALSE,Wald,TRUE,0.810930216216329,0.693147180559945,0.25,1,1,80,1,10360
poisson,NA,64,NA,1,FALSE,Wald,TRUE,0.810930216216329,0.693147180559945,0.25,1,1,80,1,10361
poisson,NA,64,NA,1,FALSE,Wald,TRUE,0.810930216216329,0.693147180559945,0.25,1,1,80,1,10362
poisson,NA,64,NA,1,FALSE,Wald,TRUE,0.810930216216329,0.693147180559945,0.25,1,1,80,1,10363
poisson,NA,64,NA,1,FALSE,Wald,TRUE,0.810930216216329,0.693147180559945,0.25,1,1,80,1,10364
poisson,NA,64,NA,1,FALSE,Wald,TRUE,0.810930216216329,0.693147180559945,0.25,1,1,80,1,10365
poisson,NA,64,NA,1,FALSE,Wald,TRUE,0.810930216216329,0.693147180559945,0.25,1,1,80,1,10366
poisson,NA,64,NA,1,FALSE,Wald,TRUE,0.810930216216329,0.693147180559945,0.25,1,1,80,1,10367
poisson,NA,64,NA,1,FALSE,Wald,TRUE,0.810930216216329,0.693147180559945,0.25,1,1,80,1,10368
poisson,NA,64,NA,1,FALSE,Wald,TRUE,0.810930216216329,0.693147180559945,0.25,1,1,80,1,10369
poisson,NA,64,NA,1,FALSE,Wald,TRUE,0.810930216216329,0.693147180559945,0.25,1,1,80,1,10370
poisson,NA,4,NA,1,FALSE,LRT,TRUE,0.810930216216329,0.693147180559945,0.25,1,2,5,20,10371
poisson,NA,4,NA,1,FALSE,LRT,TRUE,0.810930216216329,0.693147180559945,0.25,1,2,10,10,10372
poisson,NA,4,NA,1,FALSE,LRT,TRUE,0.810930216216329,0.693147180559945,0.25,1,2,10,10,10373
poisson,NA,4,NA,1,FALSE,LRT,TRUE,0.810930216216329,0.693147180559945,0.25,1,2,20,5,10374
poisson,NA,4,NA,1,FALSE,LRT,TRUE,0.810930216216329,0.693147180559945,0.25,1,2,20,5,10375
poisson,NA,4,NA,1,FALSE,LRT,TRUE,0.810930216216329,0.693147180559945,0.25,1,2,20,5,10376
poisson,NA,4,NA,1,FALSE,LRT,TRUE,0.810930216216329,0.693147180559945,0.25,1,2,20,5,10377
poisson,NA,4,NA,1,FALSE,LRT,TRUE,0.810930216216329,0.693147180559945,0.25,1,2,40,2,10378
poisson,NA,4,NA,1,FALSE,LRT,TRUE,0.810930216216329,0.693147180559945,0.25,1,2,40,2,10379
poisson,NA,4,NA,1,FALSE,LRT,TRUE,0.810930216216329,0.693147180559945,0.25,1,2,40,2,10380
poisson,NA,4,NA,1,FALSE,LRT,TRUE,0.810930216216329,0.693147180559945,0.25,1,2,40,2,10381
poisson,NA,4,NA,1,FALSE,LRT,TRUE,0.810930216216329,0.693147180559945,0.25,1,2,40,2,10382
poisson,NA,4,NA,1,FALSE,LRT,TRUE,0.810930216216329,0.693147180559945,0.25,1,2,40,2,10383
poisson,NA,4,NA,1,FALSE,LRT,TRUE,0.810930216216329,0.693147180559945,0.25,1,2,40,2,10384
poisson,NA,4,NA,1,FALSE,LRT,TRUE,0.810930216216329,0.693147180559945,0.25,1,2,40,2,10385
poisson,NA,4,NA,1,FALSE,LRT,TRUE,0.810930216216329,0.693147180559945,0.25,1,2,40,2,10386
poisson,NA,4,NA,1,FALSE,LRT,TRUE,0.810930216216329,0.693147180559945,0.25,1,2,40,2,10387
poisson,NA,4,NA,1,FALSE,LRT,TRUE,0.810930216216329,0.693147180559945,0.25,1,2,80,1,10388
poisson,NA,4,NA,1,FALSE,LRT,TRUE,0.810930216216329,0.693147180559945,0.25,1,2,80,1,10389
poisson,NA,4,NA,1,FALSE,LRT,TRUE,0.810930216216329,0.693147180559945,0.25,1,2,80,1,10390
poisson,NA,4,NA,1,FALSE,LRT,TRUE,0.810930216216329,0.693147180559945,0.25,1,2,80,1,10391
poisson,NA,4,NA,1,FALSE,LRT,TRUE,0.810930216216329,0.693147180559945,0.25,1,2,80,1,10392
poisson,NA,4,NA,1,FALSE,LRT,TRUE,0.810930216216329,0.693147180559945,0.25,1,2,80,1,10393
poisson,NA,4,NA,1,FALSE,LRT,TRUE,0.810930216216329,0.693147180559945,0.25,1,2,80,1,10394
poisson,NA,4,NA,1,FALSE,LRT,TRUE,0.810930216216329,0.693147180559945,0.25,1,2,80,1,10395
poisson,NA,4,NA,1,FALSE,LRT,TRUE,0.810930216216329,0.693147180559945,0.25,1,2,80,1,10396
poisson,NA,4,NA,1,FALSE,LRT,TRUE,0.810930216216329,0.693147180559945,0.25,1,2,80,1,10397
poisson,NA,4,NA,1,FALSE,LRT,TRUE,0.810930216216329,0.693147180559945,0.25,1,2,80,1,10398
poisson,NA,4,NA,1,FALSE,LRT,TRUE,0.810930216216329,0.693147180559945,0.25,1,2,80,1,10399
poisson,NA,4,NA,1,FALSE,LRT,TRUE,0.810930216216329,0.693147180559945,0.25,1,2,80,1,10400
poisson,NA,4,NA,1,FALSE,LRT,TRUE,0.810930216216329,0.693147180559945,0.25,1,2,80,1,10401
poisson,NA,4,NA,1,FALSE,LRT,TRUE,0.810930216216329,0.693147180559945,0.25,1,2,80,1,10402
poisson,NA,4,NA,1,FALSE,LRT,TRUE,0.810930216216329,0.693147180559945,0.25,1,2,80,1,10403
poisson,NA,4,NA,1,FALSE,LRT,TRUE,0.810930216216329,0.693147180559945,0.25,1,2,80,1,10404
poisson,NA,4,NA,1,FALSE,LRT,TRUE,0.810930216216329,0.693147180559945,0.25,1,2,80,1,10405
poisson,NA,4,NA,1,FALSE,LRT,TRUE,0.810930216216329,0.693147180559945,0.25,1,2,80,1,10406
poisson,NA,4,NA,1,FALSE,LRT,TRUE,0.810930216216329,0.693147180559945,0.25,1,2,80,1,10407
poisson,NA,8,NA,1,FALSE,LRT,TRUE,0.810930216216329,0.693147180559945,0.25,1,2,5,20,10408
poisson,NA,8,NA,1,FALSE,LRT,TRUE,0.810930216216329,0.693147180559945,0.25,1,2,10,10,10409
poisson,NA,8,NA,1,FALSE,LRT,TRUE,0.810930216216329,0.693147180559945,0.25,1,2,10,10,10410
poisson,NA,8,NA,1,FALSE,LRT,TRUE,0.810930216216329,0.693147180559945,0.25,1,2,20,5,10411
poisson,NA,8,NA,1,FALSE,LRT,TRUE,0.810930216216329,0.693147180559945,0.25,1,2,20,5,10412
poisson,NA,8,NA,1,FALSE,LRT,TRUE,0.810930216216329,0.693147180559945,0.25,1,2,20,5,10413
poisson,NA,8,NA,1,FALSE,LRT,TRUE,0.810930216216329,0.693147180559945,0.25,1,2,20,5,10414
poisson,NA,8,NA,1,FALSE,LRT,TRUE,0.810930216216329,0.693147180559945,0.25,1,2,40,2,10415
poisson,NA,8,NA,1,FALSE,LRT,TRUE,0.810930216216329,0.693147180559945,0.25,1,2,40,2,10416
poisson,NA,8,NA,1,FALSE,LRT,TRUE,0.810930216216329,0.693147180559945,0.25,1,2,40,2,10417
poisson,NA,8,NA,1,FALSE,LRT,TRUE,0.810930216216329,0.693147180559945,0.25,1,2,40,2,10418
poisson,NA,8,NA,1,FALSE,LRT,TRUE,0.810930216216329,0.693147180559945,0.25,1,2,40,2,10419
poisson,NA,8,NA,1,FALSE,LRT,TRUE,0.810930216216329,0.693147180559945,0.25,1,2,40,2,10420
poisson,NA,8,NA,1,FALSE,LRT,TRUE,0.810930216216329,0.693147180559945,0.25,1,2,40,2,10421
poisson,NA,8,NA,1,FALSE,LRT,TRUE,0.810930216216329,0.693147180559945,0.25,1,2,40,2,10422
poisson,NA,8,NA,1,FALSE,LRT,TRUE,0.810930216216329,0.693147180559945,0.25,1,2,40,2,10423
poisson,NA,8,NA,1,FALSE,LRT,TRUE,0.810930216216329,0.693147180559945,0.25,1,2,40,2,10424
poisson,NA,8,NA,1,FALSE,LRT,TRUE,0.810930216216329,0.693147180559945,0.25,1,2,80,1,10425
poisson,NA,8,NA,1,FALSE,LRT,TRUE,0.810930216216329,0.693147180559945,0.25,1,2,80,1,10426
poisson,NA,8,NA,1,FALSE,LRT,TRUE,0.810930216216329,0.693147180559945,0.25,1,2,80,1,10427
poisson,NA,8,NA,1,FALSE,LRT,TRUE,0.810930216216329,0.693147180559945,0.25,1,2,80,1,10428
poisson,NA,8,NA,1,FALSE,LRT,TRUE,0.810930216216329,0.693147180559945,0.25,1,2,80,1,10429
poisson,NA,8,NA,1,FALSE,LRT,TRUE,0.810930216216329,0.693147180559945,0.25,1,2,80,1,10430
poisson,NA,8,NA,1,FALSE,LRT,TRUE,0.810930216216329,0.693147180559945,0.25,1,2,80,1,10431
poisson,NA,8,NA,1,FALSE,LRT,TRUE,0.810930216216329,0.693147180559945,0.25,1,2,80,1,10432
poisson,NA,8,NA,1,FALSE,LRT,TRUE,0.810930216216329,0.693147180559945,0.25,1,2,80,1,10433
poisson,NA,8,NA,1,FALSE,LRT,TRUE,0.810930216216329,0.693147180559945,0.25,1,2,80,1,10434
poisson,NA,8,NA,1,FALSE,LRT,TRUE,0.810930216216329,0.693147180559945,0.25,1,2,80,1,10435
poisson,NA,8,NA,1,FALSE,LRT,TRUE,0.810930216216329,0.693147180559945,0.25,1,2,80,1,10436
poisson,NA,8,NA,1,FALSE,LRT,TRUE,0.810930216216329,0.693147180559945,0.25,1,2,80,1,10437
poisson,NA,8,NA,1,FALSE,LRT,TRUE,0.810930216216329,0.693147180559945,0.25,1,2,80,1,10438
poisson,NA,8,NA,1,FALSE,LRT,TRUE,0.810930216216329,0.693147180559945,0.25,1,2,80,1,10439
poisson,NA,8,NA,1,FALSE,LRT,TRUE,0.810930216216329,0.693147180559945,0.25,1,2,80,1,10440
poisson,NA,8,NA,1,FALSE,LRT,TRUE,0.810930216216329,0.693147180559945,0.25,1,2,80,1,10441
poisson,NA,8,NA,1,FALSE,LRT,TRUE,0.810930216216329,0.693147180559945,0.25,1,2,80,1,10442
poisson,NA,8,NA,1,FALSE,LRT,TRUE,0.810930216216329,0.693147180559945,0.25,1,2,80,1,10443
poisson,NA,8,NA,1,FALSE,LRT,TRUE,0.810930216216329,0.693147180559945,0.25,1,2,80,1,10444
poisson,NA,16,NA,1,FALSE,LRT,TRUE,0.810930216216329,0.693147180559945,0.25,1,2,5,20,10445
poisson,NA,16,NA,1,FALSE,LRT,TRUE,0.810930216216329,0.693147180559945,0.25,1,2,10,10,10446
poisson,NA,16,NA,1,FALSE,LRT,TRUE,0.810930216216329,0.693147180559945,0.25,1,2,10,10,10447
poisson,NA,16,NA,1,FALSE,LRT,TRUE,0.810930216216329,0.693147180559945,0.25,1,2,20,5,10448
poisson,NA,16,NA,1,FALSE,LRT,TRUE,0.810930216216329,0.693147180559945,0.25,1,2,20,5,10449
poisson,NA,16,NA,1,FALSE,LRT,TRUE,0.810930216216329,0.693147180559945,0.25,1,2,20,5,10450
poisson,NA,16,NA,1,FALSE,LRT,TRUE,0.810930216216329,0.693147180559945,0.25,1,2,20,5,10451
poisson,NA,16,NA,1,FALSE,LRT,TRUE,0.810930216216329,0.693147180559945,0.25,1,2,40,2,10452
poisson,NA,16,NA,1,FALSE,LRT,TRUE,0.810930216216329,0.693147180559945,0.25,1,2,40,2,10453
poisson,NA,16,NA,1,FALSE,LRT,TRUE,0.810930216216329,0.693147180559945,0.25,1,2,40,2,10454
poisson,NA,16,NA,1,FALSE,LRT,TRUE,0.810930216216329,0.693147180559945,0.25,1,2,40,2,10455
poisson,NA,16,NA,1,FALSE,LRT,TRUE,0.810930216216329,0.693147180559945,0.25,1,2,40,2,10456
poisson,NA,16,NA,1,FALSE,LRT,TRUE,0.810930216216329,0.693147180559945,0.25,1,2,40,2,10457
poisson,NA,16,NA,1,FALSE,LRT,TRUE,0.810930216216329,0.693147180559945,0.25,1,2,40,2,10458
poisson,NA,16,NA,1,FALSE,LRT,TRUE,0.810930216216329,0.693147180559945,0.25,1,2,40,2,10459
poisson,NA,16,NA,1,FALSE,LRT,TRUE,0.810930216216329,0.693147180559945,0.25,1,2,40,2,10460
poisson,NA,16,NA,1,FALSE,LRT,TRUE,0.810930216216329,0.693147180559945,0.25,1,2,40,2,10461
poisson,NA,16,NA,1,FALSE,LRT,TRUE,0.810930216216329,0.693147180559945,0.25,1,2,80,1,10462
poisson,NA,16,NA,1,FALSE,LRT,TRUE,0.810930216216329,0.693147180559945,0.25,1,2,80,1,10463
poisson,NA,16,NA,1,FALSE,LRT,TRUE,0.810930216216329,0.693147180559945,0.25,1,2,80,1,10464
poisson,NA,16,NA,1,FALSE,LRT,TRUE,0.810930216216329,0.693147180559945,0.25,1,2,80,1,10465
poisson,NA,16,NA,1,FALSE,LRT,TRUE,0.810930216216329,0.693147180559945,0.25,1,2,80,1,10466
poisson,NA,16,NA,1,FALSE,LRT,TRUE,0.810930216216329,0.693147180559945,0.25,1,2,80,1,10467
poisson,NA,16,NA,1,FALSE,LRT,TRUE,0.810930216216329,0.693147180559945,0.25,1,2,80,1,10468
poisson,NA,16,NA,1,FALSE,LRT,TRUE,0.810930216216329,0.693147180559945,0.25,1,2,80,1,10469
poisson,NA,16,NA,1,FALSE,LRT,TRUE,0.810930216216329,0.693147180559945,0.25,1,2,80,1,10470
poisson,NA,16,NA,1,FALSE,LRT,TRUE,0.810930216216329,0.693147180559945,0.25,1,2,80,1,10471
poisson,NA,16,NA,1,FALSE,LRT,TRUE,0.810930216216329,0.693147180559945,0.25,1,2,80,1,10472
poisson,NA,16,NA,1,FALSE,LRT,TRUE,0.810930216216329,0.693147180559945,0.25,1,2,80,1,10473
poisson,NA,16,NA,1,FALSE,LRT,TRUE,0.810930216216329,0.693147180559945,0.25,1,2,80,1,10474
poisson,NA,16,NA,1,FALSE,LRT,TRUE,0.810930216216329,0.693147180559945,0.25,1,2,80,1,10475
poisson,NA,16,NA,1,FALSE,LRT,TRUE,0.810930216216329,0.693147180559945,0.25,1,2,80,1,10476
poisson,NA,16,NA,1,FALSE,LRT,TRUE,0.810930216216329,0.693147180559945,0.25,1,2,80,1,10477
poisson,NA,16,NA,1,FALSE,LRT,TRUE,0.810930216216329,0.693147180559945,0.25,1,2,80,1,10478
poisson,NA,16,NA,1,FALSE,LRT,TRUE,0.810930216216329,0.693147180559945,0.25,1,2,80,1,10479
poisson,NA,16,NA,1,FALSE,LRT,TRUE,0.810930216216329,0.693147180559945,0.25,1,2,80,1,10480
poisson,NA,16,NA,1,FALSE,LRT,TRUE,0.810930216216329,0.693147180559945,0.25,1,2,80,1,10481
poisson,NA,32,NA,1,FALSE,LRT,TRUE,0.810930216216329,0.693147180559945,0.25,1,2,5,20,10482
poisson,NA,32,NA,1,FALSE,LRT,TRUE,0.810930216216329,0.693147180559945,0.25,1,2,10,10,10483
poisson,NA,32,NA,1,FALSE,LRT,TRUE,0.810930216216329,0.693147180559945,0.25,1,2,10,10,10484
poisson,NA,32,NA,1,FALSE,LRT,TRUE,0.810930216216329,0.693147180559945,0.25,1,2,20,5,10485
poisson,NA,32,NA,1,FALSE,LRT,TRUE,0.810930216216329,0.693147180559945,0.25,1,2,20,5,10486
poisson,NA,32,NA,1,FALSE,LRT,TRUE,0.810930216216329,0.693147180559945,0.25,1,2,20,5,10487
poisson,NA,32,NA,1,FALSE,LRT,TRUE,0.810930216216329,0.693147180559945,0.25,1,2,20,5,10488
poisson,NA,32,NA,1,FALSE,LRT,TRUE,0.810930216216329,0.693147180559945,0.25,1,2,40,2,10489
poisson,NA,32,NA,1,FALSE,LRT,TRUE,0.810930216216329,0.693147180559945,0.25,1,2,40,2,10490
poisson,NA,32,NA,1,FALSE,LRT,TRUE,0.810930216216329,0.693147180559945,0.25,1,2,40,2,10491
poisson,NA,32,NA,1,FALSE,LRT,TRUE,0.810930216216329,0.693147180559945,0.25,1,2,40,2,10492
poisson,NA,32,NA,1,FALSE,LRT,TRUE,0.810930216216329,0.693147180559945,0.25,1,2,40,2,10493
poisson,NA,32,NA,1,FALSE,LRT,TRUE,0.810930216216329,0.693147180559945,0.25,1,2,40,2,10494
poisson,NA,32,NA,1,FALSE,LRT,TRUE,0.810930216216329,0.693147180559945,0.25,1,2,40,2,10495
poisson,NA,32,NA,1,FALSE,LRT,TRUE,0.810930216216329,0.693147180559945,0.25,1,2,40,2,10496
poisson,NA,32,NA,1,FALSE,LRT,TRUE,0.810930216216329,0.693147180559945,0.25,1,2,40,2,10497
poisson,NA,32,NA,1,FALSE,LRT,TRUE,0.810930216216329,0.693147180559945,0.25,1,2,40,2,10498
poisson,NA,32,NA,1,FALSE,LRT,TRUE,0.810930216216329,0.693147180559945,0.25,1,2,80,1,10499
poisson,NA,32,NA,1,FALSE,LRT,TRUE,0.810930216216329,0.693147180559945,0.25,1,2,80,1,10500
poisson,NA,32,NA,1,FALSE,LRT,TRUE,0.810930216216329,0.693147180559945,0.25,1,2,80,1,10501
poisson,NA,32,NA,1,FALSE,LRT,TRUE,0.810930216216329,0.693147180559945,0.25,1,2,80,1,10502
poisson,NA,32,NA,1,FALSE,LRT,TRUE,0.810930216216329,0.693147180559945,0.25,1,2,80,1,10503
poisson,NA,32,NA,1,FALSE,LRT,TRUE,0.810930216216329,0.693147180559945,0.25,1,2,80,1,10504
poisson,NA,32,NA,1,FALSE,LRT,TRUE,0.810930216216329,0.693147180559945,0.25,1,2,80,1,10505
poisson,NA,32,NA,1,FALSE,LRT,TRUE,0.810930216216329,0.693147180559945,0.25,1,2,80,1,10506
poisson,NA,32,NA,1,FALSE,LRT,TRUE,0.810930216216329,0.693147180559945,0.25,1,2,80,1,10507
poisson,NA,32,NA,1,FALSE,LRT,TRUE,0.810930216216329,0.693147180559945,0.25,1,2,80,1,10508
poisson,NA,32,NA,1,FALSE,LRT,TRUE,0.810930216216329,0.693147180559945,0.25,1,2,80,1,10509
poisson,NA,32,NA,1,FALSE,LRT,TRUE,0.810930216216329,0.693147180559945,0.25,1,2,80,1,10510
poisson,NA,32,NA,1,FALSE,LRT,TRUE,0.810930216216329,0.693147180559945,0.25,1,2,80,1,10511
poisson,NA,32,NA,1,FALSE,LRT,TRUE,0.810930216216329,0.693147180559945,0.25,1,2,80,1,10512
poisson,NA,32,NA,1,FALSE,LRT,TRUE,0.810930216216329,0.693147180559945,0.25,1,2,80,1,10513
poisson,NA,32,NA,1,FALSE,LRT,TRUE,0.810930216216329,0.693147180559945,0.25,1,2,80,1,10514
poisson,NA,32,NA,1,FALSE,LRT,TRUE,0.810930216216329,0.693147180559945,0.25,1,2,80,1,10515
poisson,NA,32,NA,1,FALSE,LRT,TRUE,0.810930216216329,0.693147180559945,0.25,1,2,80,1,10516
poisson,NA,32,NA,1,FALSE,LRT,TRUE,0.810930216216329,0.693147180559945,0.25,1,2,80,1,10517
poisson,NA,32,NA,1,FALSE,LRT,TRUE,0.810930216216329,0.693147180559945,0.25,1,2,80,1,10518
poisson,NA,64,NA,1,FALSE,LRT,TRUE,0.810930216216329,0.693147180559945,0.25,1,2,5,20,10519
poisson,NA,64,NA,1,FALSE,LRT,TRUE,0.810930216216329,0.693147180559945,0.25,1,2,10,10,10520
poisson,NA,64,NA,1,FALSE,LRT,TRUE,0.810930216216329,0.693147180559945,0.25,1,2,10,10,10521
poisson,NA,64,NA,1,FALSE,LRT,TRUE,0.810930216216329,0.693147180559945,0.25,1,2,20,5,10522
poisson,NA,64,NA,1,FALSE,LRT,TRUE,0.810930216216329,0.693147180559945,0.25,1,2,20,5,10523
poisson,NA,64,NA,1,FALSE,LRT,TRUE,0.810930216216329,0.693147180559945,0.25,1,2,20,5,10524
poisson,NA,64,NA,1,FALSE,LRT,TRUE,0.810930216216329,0.693147180559945,0.25,1,2,20,5,10525
poisson,NA,64,NA,1,FALSE,LRT,TRUE,0.810930216216329,0.693147180559945,0.25,1,2,40,2,10526
poisson,NA,64,NA,1,FALSE,LRT,TRUE,0.810930216216329,0.693147180559945,0.25,1,2,40,2,10527
poisson,NA,64,NA,1,FALSE,LRT,TRUE,0.810930216216329,0.693147180559945,0.25,1,2,40,2,10528
poisson,NA,64,NA,1,FALSE,LRT,TRUE,0.810930216216329,0.693147180559945,0.25,1,2,40,2,10529
poisson,NA,64,NA,1,FALSE,LRT,TRUE,0.810930216216329,0.693147180559945,0.25,1,2,40,2,10530
poisson,NA,64,NA,1,FALSE,LRT,TRUE,0.810930216216329,0.693147180559945,0.25,1,2,40,2,10531
poisson,NA,64,NA,1,FALSE,LRT,TRUE,0.810930216216329,0.693147180559945,0.25,1,2,40,2,10532
poisson,NA,64,NA,1,FALSE,LRT,TRUE,0.810930216216329,0.693147180559945,0.25,1,2,40,2,10533
poisson,NA,64,NA,1,FALSE,LRT,TRUE,0.810930216216329,0.693147180559945,0.25,1,2,40,2,10534
poisson,NA,64,NA,1,FALSE,LRT,TRUE,0.810930216216329,0.693147180559945,0.25,1,2,40,2,10535
poisson,NA,64,NA,1,FALSE,LRT,TRUE,0.810930216216329,0.693147180559945,0.25,1,2,80,1,10536
poisson,NA,64,NA,1,FALSE,LRT,TRUE,0.810930216216329,0.693147180559945,0.25,1,2,80,1,10537
poisson,NA,64,NA,1,FALSE,LRT,TRUE,0.810930216216329,0.693147180559945,0.25,1,2,80,1,10538
poisson,NA,64,NA,1,FALSE,LRT,TRUE,0.810930216216329,0.693147180559945,0.25,1,2,80,1,10539
poisson,NA,64,NA,1,FALSE,LRT,TRUE,0.810930216216329,0.693147180559945,0.25,1,2,80,1,10540
poisson,NA,64,NA,1,FALSE,LRT,TRUE,0.810930216216329,0.693147180559945,0.25,1,2,80,1,10541
poisson,NA,64,NA,1,FALSE,LRT,TRUE,0.810930216216329,0.693147180559945,0.25,1,2,80,1,10542
poisson,NA,64,NA,1,FALSE,LRT,TRUE,0.810930216216329,0.693147180559945,0.25,1,2,80,1,10543
poisson,NA,64,NA,1,FALSE,LRT,TRUE,0.810930216216329,0.693147180559945,0.25,1,2,80,1,10544
poisson,NA,64,NA,1,FALSE,LRT,TRUE,0.810930216216329,0.693147180559945,0.25,1,2,80,1,10545
poisson,NA,64,NA,1,FALSE,LRT,TRUE,0.810930216216329,0.693147180559945,0.25,1,2,80,1,10546
poisson,NA,64,NA,1,FALSE,LRT,TRUE,0.810930216216329,0.693147180559945,0.25,1,2,80,1,10547
poisson,NA,64,NA,1,FALSE,LRT,TRUE,0.810930216216329,0.693147180559945,0.25,1,2,80,1,10548
poisson,NA,64,NA,1,FALSE,LRT,TRUE,0.810930216216329,0.693147180559945,0.25,1,2,80,1,10549
poisson,NA,64,NA,1,FALSE,LRT,TRUE,0.810930216216329,0.693147180559945,0.25,1,2,80,1,10550
poisson,NA,64,NA,1,FALSE,LRT,TRUE,0.810930216216329,0.693147180559945,0.25,1,2,80,1,10551
poisson,NA,64,NA,1,FALSE,LRT,TRUE,0.810930216216329,0.693147180559945,0.25,1,2,80,1,10552
poisson,NA,64,NA,1,FALSE,LRT,TRUE,0.810930216216329,0.693147180559945,0.25,1,2,80,1,10553
poisson,NA,64,NA,1,FALSE,LRT,TRUE,0.810930216216329,0.693147180559945,0.25,1,2,80,1,10554
poisson,NA,64,NA,1,FALSE,LRT,TRUE,0.810930216216329,0.693147180559945,0.25,1,2,80,1,10555
poisson,NA,4,NA,1,FALSE,Wald,TRUE,0.810930216216329,0.693147180559945,0.25,1,2,5,20,10556
poisson,NA,4,NA,1,FALSE,Wald,TRUE,0.810930216216329,0.693147180559945,0.25,1,2,10,10,10557
poisson,NA,4,NA,1,FALSE,Wald,TRUE,0.810930216216329,0.693147180559945,0.25,1,2,10,10,10558
poisson,NA,4,NA,1,FALSE,Wald,TRUE,0.810930216216329,0.693147180559945,0.25,1,2,20,5,10559
poisson,NA,4,NA,1,FALSE,Wald,TRUE,0.810930216216329,0.693147180559945,0.25,1,2,20,5,10560
poisson,NA,4,NA,1,FALSE,Wald,TRUE,0.810930216216329,0.693147180559945,0.25,1,2,20,5,10561
poisson,NA,4,NA,1,FALSE,Wald,TRUE,0.810930216216329,0.693147180559945,0.25,1,2,20,5,10562
poisson,NA,4,NA,1,FALSE,Wald,TRUE,0.810930216216329,0.693147180559945,0.25,1,2,40,2,10563
poisson,NA,4,NA,1,FALSE,Wald,TRUE,0.810930216216329,0.693147180559945,0.25,1,2,40,2,10564
poisson,NA,4,NA,1,FALSE,Wald,TRUE,0.810930216216329,0.693147180559945,0.25,1,2,40,2,10565
poisson,NA,4,NA,1,FALSE,Wald,TRUE,0.810930216216329,0.693147180559945,0.25,1,2,40,2,10566
poisson,NA,4,NA,1,FALSE,Wald,TRUE,0.810930216216329,0.693147180559945,0.25,1,2,40,2,10567
poisson,NA,4,NA,1,FALSE,Wald,TRUE,0.810930216216329,0.693147180559945,0.25,1,2,40,2,10568
poisson,NA,4,NA,1,FALSE,Wald,TRUE,0.810930216216329,0.693147180559945,0.25,1,2,40,2,10569
poisson,NA,4,NA,1,FALSE,Wald,TRUE,0.810930216216329,0.693147180559945,0.25,1,2,40,2,10570
poisson,NA,4,NA,1,FALSE,Wald,TRUE,0.810930216216329,0.693147180559945,0.25,1,2,40,2,10571
poisson,NA,4,NA,1,FALSE,Wald,TRUE,0.810930216216329,0.693147180559945,0.25,1,2,40,2,10572
poisson,NA,4,NA,1,FALSE,Wald,TRUE,0.810930216216329,0.693147180559945,0.25,1,2,80,1,10573
poisson,NA,4,NA,1,FALSE,Wald,TRUE,0.810930216216329,0.693147180559945,0.25,1,2,80,1,10574
poisson,NA,4,NA,1,FALSE,Wald,TRUE,0.810930216216329,0.693147180559945,0.25,1,2,80,1,10575
poisson,NA,4,NA,1,FALSE,Wald,TRUE,0.810930216216329,0.693147180559945,0.25,1,2,80,1,10576
poisson,NA,4,NA,1,FALSE,Wald,TRUE,0.810930216216329,0.693147180559945,0.25,1,2,80,1,10577
poisson,NA,4,NA,1,FALSE,Wald,TRUE,0.810930216216329,0.693147180559945,0.25,1,2,80,1,10578
poisson,NA,4,NA,1,FALSE,Wald,TRUE,0.810930216216329,0.693147180559945,0.25,1,2,80,1,10579
poisson,NA,4,NA,1,FALSE,Wald,TRUE,0.810930216216329,0.693147180559945,0.25,1,2,80,1,10580
poisson,NA,4,NA,1,FALSE,Wald,TRUE,0.810930216216329,0.693147180559945,0.25,1,2,80,1,10581
poisson,NA,4,NA,1,FALSE,Wald,TRUE,0.810930216216329,0.693147180559945,0.25,1,2,80,1,10582
poisson,NA,4,NA,1,FALSE,Wald,TRUE,0.810930216216329,0.693147180559945,0.25,1,2,80,1,10583
poisson,NA,4,NA,1,FALSE,Wald,TRUE,0.810930216216329,0.693147180559945,0.25,1,2,80,1,10584
poisson,NA,4,NA,1,FALSE,Wald,TRUE,0.810930216216329,0.693147180559945,0.25,1,2,80,1,10585
poisson,NA,4,NA,1,FALSE,Wald,TRUE,0.810930216216329,0.693147180559945,0.25,1,2,80,1,10586
poisson,NA,4,NA,1,FALSE,Wald,TRUE,0.810930216216329,0.693147180559945,0.25,1,2,80,1,10587
poisson,NA,4,NA,1,FALSE,Wald,TRUE,0.810930216216329,0.693147180559945,0.25,1,2,80,1,10588
poisson,NA,4,NA,1,FALSE,Wald,TRUE,0.810930216216329,0.693147180559945,0.25,1,2,80,1,10589
poisson,NA,4,NA,1,FALSE,Wald,TRUE,0.810930216216329,0.693147180559945,0.25,1,2,80,1,10590
poisson,NA,4,NA,1,FALSE,Wald,TRUE,0.810930216216329,0.693147180559945,0.25,1,2,80,1,10591
poisson,NA,4,NA,1,FALSE,Wald,TRUE,0.810930216216329,0.693147180559945,0.25,1,2,80,1,10592
poisson,NA,8,NA,1,FALSE,Wald,TRUE,0.810930216216329,0.693147180559945,0.25,1,2,5,20,10593
poisson,NA,8,NA,1,FALSE,Wald,TRUE,0.810930216216329,0.693147180559945,0.25,1,2,10,10,10594
poisson,NA,8,NA,1,FALSE,Wald,TRUE,0.810930216216329,0.693147180559945,0.25,1,2,10,10,10595
poisson,NA,8,NA,1,FALSE,Wald,TRUE,0.810930216216329,0.693147180559945,0.25,1,2,20,5,10596
poisson,NA,8,NA,1,FALSE,Wald,TRUE,0.810930216216329,0.693147180559945,0.25,1,2,20,5,10597
poisson,NA,8,NA,1,FALSE,Wald,TRUE,0.810930216216329,0.693147180559945,0.25,1,2,20,5,10598
poisson,NA,8,NA,1,FALSE,Wald,TRUE,0.810930216216329,0.693147180559945,0.25,1,2,20,5,10599
poisson,NA,8,NA,1,FALSE,Wald,TRUE,0.810930216216329,0.693147180559945,0.25,1,2,40,2,10600
poisson,NA,8,NA,1,FALSE,Wald,TRUE,0.810930216216329,0.693147180559945,0.25,1,2,40,2,10601
poisson,NA,8,NA,1,FALSE,Wald,TRUE,0.810930216216329,0.693147180559945,0.25,1,2,40,2,10602
poisson,NA,8,NA,1,FALSE,Wald,TRUE,0.810930216216329,0.693147180559945,0.25,1,2,40,2,10603
poisson,NA,8,NA,1,FALSE,Wald,TRUE,0.810930216216329,0.693147180559945,0.25,1,2,40,2,10604
poisson,NA,8,NA,1,FALSE,Wald,TRUE,0.810930216216329,0.693147180559945,0.25,1,2,40,2,10605
poisson,NA,8,NA,1,FALSE,Wald,TRUE,0.810930216216329,0.693147180559945,0.25,1,2,40,2,10606
poisson,NA,8,NA,1,FALSE,Wald,TRUE,0.810930216216329,0.693147180559945,0.25,1,2,40,2,10607
poisson,NA,8,NA,1,FALSE,Wald,TRUE,0.810930216216329,0.693147180559945,0.25,1,2,40,2,10608
poisson,NA,8,NA,1,FALSE,Wald,TRUE,0.810930216216329,0.693147180559945,0.25,1,2,40,2,10609
poisson,NA,8,NA,1,FALSE,Wald,TRUE,0.810930216216329,0.693147180559945,0.25,1,2,80,1,10610
poisson,NA,8,NA,1,FALSE,Wald,TRUE,0.810930216216329,0.693147180559945,0.25,1,2,80,1,10611
poisson,NA,8,NA,1,FALSE,Wald,TRUE,0.810930216216329,0.693147180559945,0.25,1,2,80,1,10612
poisson,NA,8,NA,1,FALSE,Wald,TRUE,0.810930216216329,0.693147180559945,0.25,1,2,80,1,10613
poisson,NA,8,NA,1,FALSE,Wald,TRUE,0.810930216216329,0.693147180559945,0.25,1,2,80,1,10614
poisson,NA,8,NA,1,FALSE,Wald,TRUE,0.810930216216329,0.693147180559945,0.25,1,2,80,1,10615
poisson,NA,8,NA,1,FALSE,Wald,TRUE,0.810930216216329,0.693147180559945,0.25,1,2,80,1,10616
poisson,NA,8,NA,1,FALSE,Wald,TRUE,0.810930216216329,0.693147180559945,0.25,1,2,80,1,10617
poisson,NA,8,NA,1,FALSE,Wald,TRUE,0.810930216216329,0.693147180559945,0.25,1,2,80,1,10618
poisson,NA,8,NA,1,FALSE,Wald,TRUE,0.810930216216329,0.693147180559945,0.25,1,2,80,1,10619
poisson,NA,8,NA,1,FALSE,Wald,TRUE,0.810930216216329,0.693147180559945,0.25,1,2,80,1,10620
poisson,NA,8,NA,1,FALSE,Wald,TRUE,0.810930216216329,0.693147180559945,0.25,1,2,80,1,10621
poisson,NA,8,NA,1,FALSE,Wald,TRUE,0.810930216216329,0.693147180559945,0.25,1,2,80,1,10622
poisson,NA,8,NA,1,FALSE,Wald,TRUE,0.810930216216329,0.693147180559945,0.25,1,2,80,1,10623
poisson,NA,8,NA,1,FALSE,Wald,TRUE,0.810930216216329,0.693147180559945,0.25,1,2,80,1,10624
poisson,NA,8,NA,1,FALSE,Wald,TRUE,0.810930216216329,0.693147180559945,0.25,1,2,80,1,10625
poisson,NA,8,NA,1,FALSE,Wald,TRUE,0.810930216216329,0.693147180559945,0.25,1,2,80,1,10626
poisson,NA,8,NA,1,FALSE,Wald,TRUE,0.810930216216329,0.693147180559945,0.25,1,2,80,1,10627
poisson,NA,8,NA,1,FALSE,Wald,TRUE,0.810930216216329,0.693147180559945,0.25,1,2,80,1,10628
poisson,NA,8,NA,1,FALSE,Wald,TRUE,0.810930216216329,0.693147180559945,0.25,1,2,80,1,10629
poisson,NA,16,NA,1,FALSE,Wald,TRUE,0.810930216216329,0.693147180559945,0.25,1,2,5,20,10630
poisson,NA,16,NA,1,FALSE,Wald,TRUE,0.810930216216329,0.693147180559945,0.25,1,2,10,10,10631
poisson,NA,16,NA,1,FALSE,Wald,TRUE,0.810930216216329,0.693147180559945,0.25,1,2,10,10,10632
poisson,NA,16,NA,1,FALSE,Wald,TRUE,0.810930216216329,0.693147180559945,0.25,1,2,20,5,10633
poisson,NA,16,NA,1,FALSE,Wald,TRUE,0.810930216216329,0.693147180559945,0.25,1,2,20,5,10634
poisson,NA,16,NA,1,FALSE,Wald,TRUE,0.810930216216329,0.693147180559945,0.25,1,2,20,5,10635
poisson,NA,16,NA,1,FALSE,Wald,TRUE,0.810930216216329,0.693147180559945,0.25,1,2,20,5,10636
poisson,NA,16,NA,1,FALSE,Wald,TRUE,0.810930216216329,0.693147180559945,0.25,1,2,40,2,10637
poisson,NA,16,NA,1,FALSE,Wald,TRUE,0.810930216216329,0.693147180559945,0.25,1,2,40,2,10638
poisson,NA,16,NA,1,FALSE,Wald,TRUE,0.810930216216329,0.693147180559945,0.25,1,2,40,2,10639
poisson,NA,16,NA,1,FALSE,Wald,TRUE,0.810930216216329,0.693147180559945,0.25,1,2,40,2,10640
poisson,NA,16,NA,1,FALSE,Wald,TRUE,0.810930216216329,0.693147180559945,0.25,1,2,40,2,10641
poisson,NA,16,NA,1,FALSE,Wald,TRUE,0.810930216216329,0.693147180559945,0.25,1,2,40,2,10642
poisson,NA,16,NA,1,FALSE,Wald,TRUE,0.810930216216329,0.693147180559945,0.25,1,2,40,2,10643
poisson,NA,16,NA,1,FALSE,Wald,TRUE,0.810930216216329,0.693147180559945,0.25,1,2,40,2,10644
poisson,NA,16,NA,1,FALSE,Wald,TRUE,0.810930216216329,0.693147180559945,0.25,1,2,40,2,10645
poisson,NA,16,NA,1,FALSE,Wald,TRUE,0.810930216216329,0.693147180559945,0.25,1,2,40,2,10646
poisson,NA,16,NA,1,FALSE,Wald,TRUE,0.810930216216329,0.693147180559945,0.25,1,2,80,1,10647
poisson,NA,16,NA,1,FALSE,Wald,TRUE,0.810930216216329,0.693147180559945,0.25,1,2,80,1,10648
poisson,NA,16,NA,1,FALSE,Wald,TRUE,0.810930216216329,0.693147180559945,0.25,1,2,80,1,10649
poisson,NA,16,NA,1,FALSE,Wald,TRUE,0.810930216216329,0.693147180559945,0.25,1,2,80,1,10650
poisson,NA,16,NA,1,FALSE,Wald,TRUE,0.810930216216329,0.693147180559945,0.25,1,2,80,1,10651
poisson,NA,16,NA,1,FALSE,Wald,TRUE,0.810930216216329,0.693147180559945,0.25,1,2,80,1,10652
poisson,NA,16,NA,1,FALSE,Wald,TRUE,0.810930216216329,0.693147180559945,0.25,1,2,80,1,10653
poisson,NA,16,NA,1,FALSE,Wald,TRUE,0.810930216216329,0.693147180559945,0.25,1,2,80,1,10654
poisson,NA,16,NA,1,FALSE,Wald,TRUE,0.810930216216329,0.693147180559945,0.25,1,2,80,1,10655
poisson,NA,16,NA,1,FALSE,Wald,TRUE,0.810930216216329,0.693147180559945,0.25,1,2,80,1,10656
poisson,NA,16,NA,1,FALSE,Wald,TRUE,0.810930216216329,0.693147180559945,0.25,1,2,80,1,10657
poisson,NA,16,NA,1,FALSE,Wald,TRUE,0.810930216216329,0.693147180559945,0.25,1,2,80,1,10658
poisson,NA,16,NA,1,FALSE,Wald,TRUE,0.810930216216329,0.693147180559945,0.25,1,2,80,1,10659
poisson,NA,16,NA,1,FALSE,Wald,TRUE,0.810930216216329,0.693147180559945,0.25,1,2,80,1,10660
poisson,NA,16,NA,1,FALSE,Wald,TRUE,0.810930216216329,0.693147180559945,0.25,1,2,80,1,10661
poisson,NA,16,NA,1,FALSE,Wald,TRUE,0.810930216216329,0.693147180559945,0.25,1,2,80,1,10662
poisson,NA,16,NA,1,FALSE,Wald,TRUE,0.810930216216329,0.693147180559945,0.25,1,2,80,1,10663
poisson,NA,16,NA,1,FALSE,Wald,TRUE,0.810930216216329,0.693147180559945,0.25,1,2,80,1,10664
poisson,NA,16,NA,1,FALSE,Wald,TRUE,0.810930216216329,0.693147180559945,0.25,1,2,80,1,10665
poisson,NA,16,NA,1,FALSE,Wald,TRUE,0.810930216216329,0.693147180559945,0.25,1,2,80,1,10666
poisson,NA,32,NA,1,FALSE,Wald,TRUE,0.810930216216329,0.693147180559945,0.25,1,2,5,20,10667
poisson,NA,32,NA,1,FALSE,Wald,TRUE,0.810930216216329,0.693147180559945,0.25,1,2,10,10,10668
poisson,NA,32,NA,1,FALSE,Wald,TRUE,0.810930216216329,0.693147180559945,0.25,1,2,10,10,10669
poisson,NA,32,NA,1,FALSE,Wald,TRUE,0.810930216216329,0.693147180559945,0.25,1,2,20,5,10670
poisson,NA,32,NA,1,FALSE,Wald,TRUE,0.810930216216329,0.693147180559945,0.25,1,2,20,5,10671
poisson,NA,32,NA,1,FALSE,Wald,TRUE,0.810930216216329,0.693147180559945,0.25,1,2,20,5,10672
poisson,NA,32,NA,1,FALSE,Wald,TRUE,0.810930216216329,0.693147180559945,0.25,1,2,20,5,10673
poisson,NA,32,NA,1,FALSE,Wald,TRUE,0.810930216216329,0.693147180559945,0.25,1,2,40,2,10674
poisson,NA,32,NA,1,FALSE,Wald,TRUE,0.810930216216329,0.693147180559945,0.25,1,2,40,2,10675
poisson,NA,32,NA,1,FALSE,Wald,TRUE,0.810930216216329,0.693147180559945,0.25,1,2,40,2,10676
poisson,NA,32,NA,1,FALSE,Wald,TRUE,0.810930216216329,0.693147180559945,0.25,1,2,40,2,10677
poisson,NA,32,NA,1,FALSE,Wald,TRUE,0.810930216216329,0.693147180559945,0.25,1,2,40,2,10678
poisson,NA,32,NA,1,FALSE,Wald,TRUE,0.810930216216329,0.693147180559945,0.25,1,2,40,2,10679
poisson,NA,32,NA,1,FALSE,Wald,TRUE,0.810930216216329,0.693147180559945,0.25,1,2,40,2,10680
poisson,NA,32,NA,1,FALSE,Wald,TRUE,0.810930216216329,0.693147180559945,0.25,1,2,40,2,10681
poisson,NA,32,NA,1,FALSE,Wald,TRUE,0.810930216216329,0.693147180559945,0.25,1,2,40,2,10682
poisson,NA,32,NA,1,FALSE,Wald,TRUE,0.810930216216329,0.693147180559945,0.25,1,2,40,2,10683
poisson,NA,32,NA,1,FALSE,Wald,TRUE,0.810930216216329,0.693147180559945,0.25,1,2,80,1,10684
poisson,NA,32,NA,1,FALSE,Wald,TRUE,0.810930216216329,0.693147180559945,0.25,1,2,80,1,10685
poisson,NA,32,NA,1,FALSE,Wald,TRUE,0.810930216216329,0.693147180559945,0.25,1,2,80,1,10686
poisson,NA,32,NA,1,FALSE,Wald,TRUE,0.810930216216329,0.693147180559945,0.25,1,2,80,1,10687
poisson,NA,32,NA,1,FALSE,Wald,TRUE,0.810930216216329,0.693147180559945,0.25,1,2,80,1,10688
poisson,NA,32,NA,1,FALSE,Wald,TRUE,0.810930216216329,0.693147180559945,0.25,1,2,80,1,10689
poisson,NA,32,NA,1,FALSE,Wald,TRUE,0.810930216216329,0.693147180559945,0.25,1,2,80,1,10690
poisson,NA,32,NA,1,FALSE,Wald,TRUE,0.810930216216329,0.693147180559945,0.25,1,2,80,1,10691
poisson,NA,32,NA,1,FALSE,Wald,TRUE,0.810930216216329,0.693147180559945,0.25,1,2,80,1,10692
poisson,NA,32,NA,1,FALSE,Wald,TRUE,0.810930216216329,0.693147180559945,0.25,1,2,80,1,10693
poisson,NA,32,NA,1,FALSE,Wald,TRUE,0.810930216216329,0.693147180559945,0.25,1,2,80,1,10694
poisson,NA,32,NA,1,FALSE,Wald,TRUE,0.810930216216329,0.693147180559945,0.25,1,2,80,1,10695
poisson,NA,32,NA,1,FALSE,Wald,TRUE,0.810930216216329,0.693147180559945,0.25,1,2,80,1,10696
poisson,NA,32,NA,1,FALSE,Wald,TRUE,0.810930216216329,0.693147180559945,0.25,1,2,80,1,10697
poisson,NA,32,NA,1,FALSE,Wald,TRUE,0.810930216216329,0.693147180559945,0.25,1,2,80,1,10698
poisson,NA,32,NA,1,FALSE,Wald,TRUE,0.810930216216329,0.693147180559945,0.25,1,2,80,1,10699
poisson,NA,32,NA,1,FALSE,Wald,TRUE,0.810930216216329,0.693147180559945,0.25,1,2,80,1,10700
poisson,NA,32,NA,1,FALSE,Wald,TRUE,0.810930216216329,0.693147180559945,0.25,1,2,80,1,10701
poisson,NA,32,NA,1,FALSE,Wald,TRUE,0.810930216216329,0.693147180559945,0.25,1,2,80,1,10702
poisson,NA,32,NA,1,FALSE,Wald,TRUE,0.810930216216329,0.693147180559945,0.25,1,2,80,1,10703
poisson,NA,64,NA,1,FALSE,Wald,TRUE,0.810930216216329,0.693147180559945,0.25,1,2,5,20,10704
poisson,NA,64,NA,1,FALSE,Wald,TRUE,0.810930216216329,0.693147180559945,0.25,1,2,10,10,10705
poisson,NA,64,NA,1,FALSE,Wald,TRUE,0.810930216216329,0.693147180559945,0.25,1,2,10,10,10706
poisson,NA,64,NA,1,FALSE,Wald,TRUE,0.810930216216329,0.693147180559945,0.25,1,2,20,5,10707
poisson,NA,64,NA,1,FALSE,Wald,TRUE,0.810930216216329,0.693147180559945,0.25,1,2,20,5,10708
poisson,NA,64,NA,1,FALSE,Wald,TRUE,0.810930216216329,0.693147180559945,0.25,1,2,20,5,10709
poisson,NA,64,NA,1,FALSE,Wald,TRUE,0.810930216216329,0.693147180559945,0.25,1,2,20,5,10710
poisson,NA,64,NA,1,FALSE,Wald,TRUE,0.810930216216329,0.693147180559945,0.25,1,2,40,2,10711
poisson,NA,64,NA,1,FALSE,Wald,TRUE,0.810930216216329,0.693147180559945,0.25,1,2,40,2,10712
poisson,NA,64,NA,1,FALSE,Wald,TRUE,0.810930216216329,0.693147180559945,0.25,1,2,40,2,10713
poisson,NA,64,NA,1,FALSE,Wald,TRUE,0.810930216216329,0.693147180559945,0.25,1,2,40,2,10714
poisson,NA,64,NA,1,FALSE,Wald,TRUE,0.810930216216329,0.693147180559945,0.25,1,2,40,2,10715
poisson,NA,64,NA,1,FALSE,Wald,TRUE,0.810930216216329,0.693147180559945,0.25,1,2,40,2,10716
poisson,NA,64,NA,1,FALSE,Wald,TRUE,0.810930216216329,0.693147180559945,0.25,1,2,40,2,10717
poisson,NA,64,NA,1,FALSE,Wald,TRUE,0.810930216216329,0.693147180559945,0.25,1,2,40,2,10718
poisson,NA,64,NA,1,FALSE,Wald,TRUE,0.810930216216329,0.693147180559945,0.25,1,2,40,2,10719
poisson,NA,64,NA,1,FALSE,Wald,TRUE,0.810930216216329,0.693147180559945,0.25,1,2,40,2,10720
poisson,NA,64,NA,1,FALSE,Wald,TRUE,0.810930216216329,0.693147180559945,0.25,1,2,80,1,10721
poisson,NA,64,NA,1,FALSE,Wald,TRUE,0.810930216216329,0.693147180559945,0.25,1,2,80,1,10722
poisson,NA,64,NA,1,FALSE,Wald,TRUE,0.810930216216329,0.693147180559945,0.25,1,2,80,1,10723
poisson,NA,64,NA,1,FALSE,Wald,TRUE,0.810930216216329,0.693147180559945,0.25,1,2,80,1,10724
poisson,NA,64,NA,1,FALSE,Wald,TRUE,0.810930216216329,0.693147180559945,0.25,1,2,80,1,10725
poisson,NA,64,NA,1,FALSE,Wald,TRUE,0.810930216216329,0.693147180559945,0.25,1,2,80,1,10726
poisson,NA,64,NA,1,FALSE,Wald,TRUE,0.810930216216329,0.693147180559945,0.25,1,2,80,1,10727
poisson,NA,64,NA,1,FALSE,Wald,TRUE,0.810930216216329,0.693147180559945,0.25,1,2,80,1,10728
poisson,NA,64,NA,1,FALSE,Wald,TRUE,0.810930216216329,0.693147180559945,0.25,1,2,80,1,10729
poisson,NA,64,NA,1,FALSE,Wald,TRUE,0.810930216216329,0.693147180559945,0.25,1,2,80,1,10730
poisson,NA,64,NA,1,FALSE,Wald,TRUE,0.810930216216329,0.693147180559945,0.25,1,2,80,1,10731
poisson,NA,64,NA,1,FALSE,Wald,TRUE,0.810930216216329,0.693147180559945,0.25,1,2,80,1,10732
poisson,NA,64,NA,1,FALSE,Wald,TRUE,0.810930216216329,0.693147180559945,0.25,1,2,80,1,10733
poisson,NA,64,NA,1,FALSE,Wald,TRUE,0.810930216216329,0.693147180559945,0.25,1,2,80,1,10734
poisson,NA,64,NA,1,FALSE,Wald,TRUE,0.810930216216329,0.693147180559945,0.25,1,2,80,1,10735
poisson,NA,64,NA,1,FALSE,Wald,TRUE,0.810930216216329,0.693147180559945,0.25,1,2,80,1,10736
poisson,NA,64,NA,1,FALSE,Wald,TRUE,0.810930216216329,0.693147180559945,0.25,1,2,80,1,10737
poisson,NA,64,NA,1,FALSE,Wald,TRUE,0.810930216216329,0.693147180559945,0.25,1,2,80,1,10738
poisson,NA,64,NA,1,FALSE,Wald,TRUE,0.810930216216329,0.693147180559945,0.25,1,2,80,1,10739
poisson,NA,64,NA,1,FALSE,Wald,TRUE,0.810930216216329,0.693147180559945,0.25,1,2,80,1,10740
